Type,Time,IDs,Order ID,Text,From,To,Merchant,Amount,Amount with Fee,Mentioned Amount,Status,,
TRANSFER_CRYPTO_TO_BANK,4/1/2077 6:07,3538833->3538853,VITE22012077-006,389389292930,Vinoway (3324) 6395537995815432639,Crypto account (7) 757575757,Vinoway (3324),341000.00,341000.00,341000.00,COMPLETED,,
TRANSFER_CRYPTO_TO_BANK,4/2/2077 6:07,3538838->3538855,VITE22012077-008,389389293029,Vinoway (3324) 6395537995815432639,Crypto account (7) 757575758,Vinoway (3324),4900000.00,4900000.00,4900000.00,COMPLETED,,
TRANSFER_CRYPTO_TO_BANK,4/3/2077 6:07,3538823->3538853,VITE22012077-009,389389293128,Vinoway (3324) 6395537995815432639,Crypto account (7) 757575759,Vinoway (3324),4900000.00,4900000.00,4900000.00,COMPLETED,,
TRANSFER_CRYPTO_TO_BANK,4/4/2077 6:07,3538338->3538353,VITE22012077-0012,389389293227,Vinoway (3324) 6395537995815432639,Crypto account (7) 757575760,Vinoway (3324),765104.00,765104.00,765104.00,COMPLETED,,
TRANSFER_CRYPTO_TO_BANK,4/5/2077 6:07,3538323->3538358,VITE22012077-0016,389389293326,Vinoway (3324) 6395537995815432639,Crypto account (7) 757575761,Vinoway (3324),104815.00,104815.00,104815.00,COMPLETED,,
TRANSFER_CRYPTO_TO_BANK,4/6/2077 6:07,3538355->3538345,VITE22012077-0023,389389293425,Vinoway (3324) 6395537995815432639,Crypto account (7) 757575762,Vinoway (3324),1113750.00,1113750.00,1113750.00,COMPLETED,,
TRANSFER_CRYPTO_TO_BANK,4/7/2077 6:07,3538335->3538353,VITE22012077-0027,389389293524,Vinoway (3324) 6395537995815432639,Crypto account (7) 757575763,Vinoway (3324),680000.00,680000.00,680000.00,COMPLETED,,
TRANSFER_CRYPTO_TO_BANK,4/8/2077 6:07,3538333->3538353,VITE22012077-0028,389389293623,Vinoway (3324) 6395537995815432639,Crypto account (7) 757575764,Vinoway (3324),1500000.00,1500000.00,1500000.00,COMPLETED,,
TRANSFER_CRYPTO_TO_BANK,4/9/2077 6:07,3538338->3538355,VITE22012077-0032,389389293722,Vinoway (3324) 6395537995815432639,Crypto account (7) 757575765,Vinoway (3324),3118500.00,3118500.00,3118500.00,COMPLETED,,
TRANSFER_CRYPTO_TO_BANK,4/10/2077 6:07,3538343->3538357,VITE22012077-0033,389389293821,Vinoway (3324) 6395537995815432639,Crypto account (7) 757575766,Vinoway (3324),1700000.00,1700000.00,1700000.00,COMPLETED,,
TRANSFER_CRYPTO_TO_BANK,4/11/2077 6:07,3538345->3538353,VITE22012077-0034,389389293920,Vinoway (3324) 6395537995815432639,Crypto account (7) 757575767,Vinoway (3324),1501100.00,1501100.00,1501100.00,COMPLETED,,
TRANSFER_CRYPTO_TO_BANK,4/12/2077 6:07,3538383->3538384,VITE22012077-0042,389389294019,Vinoway (3324) 6395537995815432639,Crypto account (7) 757575768,Vinoway (3324),943600.00,943600.00,943600.00,COMPLETED,,
TRANSFER_CRYPTO_TO_BANK,4/13/2077 6:07,3538538->3538577,VITE22012077-0015,389389294118,Vinoway (3324) 6395537995815432639,Crypto account (7) 757575769,Vinoway (3324),698615.00,698615.00,698615.00,COMPLETED,,
TRANSFER_CRYPTO_TO_BANK,4/14/2077 6:07,3538573->3538583,VITE22012077-0019-1,389389294217,Vinoway (3324) 6395537995815432639,Crypto account (7) 757575770,Vinoway (3324),1000000.00,1000000.00,1000000.00,COMPLETED,,
TRANSFER_CRYPTO_TO_BANK,4/15/2077 6:07,3538578->3538583,VITE22012077-0041,389389294316,Vinoway (3324) 6395537995815432639,Crypto account (7) 757575771,Vinoway (3324),1836400.00,1836400.00,1836400.00,COMPLETED,,
TRANSFER_CRYPTO_TO_BANK,4/16/2077 6:07,3538578->3538333,VITE22012077-0043,389389294415,Vinoway (3324) 6395537995815432639,Crypto account (7) 757575772,Vinoway (3324),1019375.00,1019375.00,1019375.00,COMPLETED,,
TRANSFER_CRYPTO_TO_BANK,4/17/2077 6:07,3538583->3538333,VITE22012077-0045,389389294514,Vinoway (3324) 6395537995815432639,Crypto account (7) 757575773,Vinoway (3324),1105360.00,1105360.00,1105360.00,COMPLETED,,
TRANSFER_CRYPTO_TO_BANK,4/18/2077 6:07,3538588->3538338,VITE22012077-0050,389389294613,Vinoway (3324) 6395537995815432639,Crypto account (7) 757575774,Vinoway (3324),1089400.00,1089400.00,1089400.00,COMPLETED,,
TRANSFER_CRYPTO_TO_BANK,4/19/2077 6:07,3538588->3538323,VITE22012077-0051,389389294712,Vinoway (3324) 6395537995815432639,Crypto account (7) 757575775,Vinoway (3324),856991.00,856991.00,856991.00,COMPLETED,,
TRANSFER_CRYPTO_TO_BANK,4/20/2077 6:07,3538583->3538325,VITE22012077-0053,389389294811,Vinoway (3324) 6395537995815432639,Crypto account (7) 757575776,Vinoway (3324),1095491.00,1095491.00,1095491.00,COMPLETED,,
TRANSFER_CRYPTO_TO_BANK,4/21/2077 6:07,3538588->3538324,VITE22012077-0057,389389294910,Vinoway (3324) 6395537995815432639,Crypto account (7) 757575777,Vinoway (3324),1360000.00,1360000.00,1360000.00,COMPLETED,,
TRANSFER_CRYPTO_TO_BANK,4/22/2077 6:07,3538335->3538328,VITE22012077-0059,389389295009,Vinoway (3324) 6395537995815432639,Crypto account (7) 757575778,Vinoway (3324),604415.00,604415.00,604415.00,COMPLETED,,
TRANSFER_CRYPTO_TO_BANK,4/23/2077 6:07,3538332->3538327,VITE22012077-0058,389389295108,Vinoway (3324) 6395537995815432639,Crypto account (7) 757575779,Vinoway (3324),3016190.00,3016190.00,3016190.00,COMPLETED,,
TRANSFER_CRYPTO_TO_BANK,4/24/2077 6:07,3538338->3538353,VITE22012077-0064,389389295207,Vinoway (3324) 6395537995815432639,Crypto account (7) 757575780,Vinoway (3324),488700.00,488700.00,488700.00,COMPLETED,,
TRANSFER_CRYPTO_TO_BANK,4/25/2077 6:07,3538355->3538358,VITE22012077-0062,389389295306,Vinoway (3324) 6395537995815432639,Crypto account (7) 757575781,Vinoway (3324),1360000.00,1360000.00,1360000.00,COMPLETED,,
TRANSFER_CRYPTO_TO_BANK,4/26/2077 6:07,3538354->3538332,VITE22012077-0065,389389295405,Vinoway (3324) 6395537995815432639,Crypto account (7) 757575782,Vinoway (3324),1364000.00,1364000.00,1364000.00,COMPLETED,,
TRANSFER_CRYPTO_TO_BANK,4/27/2077 6:07,3538353->3538333,VITE22012077-0063,389389295504,Vinoway (3324) 6395537995815432639,Crypto account (7) 757575783,Vinoway (3324),1971980.00,1971980.00,1971980.00,COMPLETED,,
TRANSFER_CRYPTO_TO_BANK,4/28/2077 6:07,3538355->3538333,VITE22012077-0066,389389295603,Vinoway (3324) 6395537995815432639,Crypto account (7) 757575784,Vinoway (3324),676000.00,676000.00,676000.00,COMPLETED,,
TRANSFER_CRYPTO_TO_BANK,4/29/2077 6:07,3538353->3538335,VITE22012077-0068,389389295702,Vinoway (3324) 6395537995815432639,Crypto account (7) 757575785,Vinoway (3324),984550.00,984550.00,984550.00,COMPLETED,,
TRANSFER_CRYPTO_TO_BANK,4/30/2077 6:07,3538357->3538334,VITE22012077-0069,389389295801,Vinoway (3324) 6395537995815432639,Crypto account (7) 757575786,Vinoway (3324),1651000.00,1651000.00,1651000.00,COMPLETED,,
TRANSFER_CRYPTO_TO_BANK,5/1/2077 6:07,3538383->3538388,VITE22012077-0070,389389295900,Vinoway (3324) 6395537995815432639,Crypto account (7) 757575787,Vinoway (3324),1505150.00,1505150.00,1505150.00,COMPLETED,,
TRANSFER_CRYPTO_TO_BANK,5/2/2077 6:07,3538385->3538385,VITE22012077-0073,389389295999,Vinoway (3324) 6395537995815432639,Crypto account (7) 757575788,Vinoway (3324),966600.00,966600.00,966600.00,COMPLETED,,
TRANSFER_CRYPTO_TO_BANK,5/3/2077 6:07,3538483->3538535,VITE22012077-0077,389389296098,Vinoway (3324) 6395537995815432639,Crypto account (7) 757575789,Vinoway (3324),680000.00,680000.00,680000.00,COMPLETED,,
TRANSFER_CRYPTO_TO_BANK,5/4/2077 6:07,3538487->3538538,VITE22012077-0078,389389296197,Vinoway (3324) 6395537995815432639,Crypto account (7) 757575790,Vinoway (3324),676000.00,676000.00,676000.00,COMPLETED,,
TRANSFER_CRYPTO_TO_BANK,5/5/2077 6:07,3538488->3538523,VITE22012077-0079,389389296296,Vinoway (3324) 6395537995815432639,Crypto account (7) 757575791,Vinoway (3324),1000000.00,1000000.00,1000000.00,COMPLETED,,
TRANSFER_CRYPTO_TO_BANK,5/6/2077 6:07,3538488->3538522,VITE22012077-0080,389389296395,Vinoway (3324) 6395537995815432639,Crypto account (7) 757575792,Vinoway (3324),1500000.00,1500000.00,1500000.00,COMPLETED,,
TRANSFER_CRYPTO_TO_BANK,5/7/2077 6:07,3538532->3538523,VITE22012077-0082,389389296494,Vinoway (3324) 6395537995815432639,Crypto account (7) 757575793,Vinoway (3324),680000.00,680000.00,680000.00,COMPLETED,,
TRANSFER_CRYPTO_TO_BANK,5/8/2077 6:07,3538533->3538525,VITE22012077-0081,389389296593,Vinoway (3324) 6395537995815432639,Crypto account (7) 757575794,Vinoway (3324),1195000.00,1195000.00,1195000.00,COMPLETED,,
TRANSFER_CRYPTO_TO_BANK,5/9/2077 6:07,3538534->3538525,VITE22012077-0084,389389296692,Vinoway (3324) 6395537995815432639,Crypto account (7) 757575795,Vinoway (3324),1410000.00,1410000.00,1410000.00,COMPLETED,,
TRANSFER_CRYPTO_TO_BANK,5/10/2077 6:07,3538535->3538524,VITE22012077-0083,389389296791,Vinoway (3324) 6395537995815432639,Crypto account (7) 757575796,Vinoway (3324),4580000.00,4580000.00,4580000.00,COMPLETED,,
TRANSFER_CRYPTO_TO_BANK,5/11/2077 6:07,3538743->3538753,VITE22012077-0090,389389296890,Vinoway (3324) 6395537995815432639,Crypto account (7) 757575797,Vinoway (3324),607500.00,607500.00,607500.00,COMPLETED,,
TRANSFER_CRYPTO_TO_BANK,5/12/2077 6:07,3538743->3538755,VITE22012077-0092,389389296989,Vinoway (3324) 6395537995815432639,Crypto account (7) 757575798,Vinoway (3324),993710.00,993710.00,993710.00,COMPLETED,,
TRANSFER_CRYPTO_TO_BANK,5/13/2077 6:07,3538743->3538754,VITE22012077-0095,389389297088,Vinoway (3324) 6395537995815432639,Crypto account (7) 757575799,Vinoway (3324),389475.00,389475.00,389475.00,COMPLETED,,
TRANSFER_CRYPTO_TO_BANK,5/14/2077 6:07,3538747->3538755,VITE22012077-0096,389389297187,Vinoway (3324) 6395537995815432639,Crypto account (7) 757575800,Vinoway (3324),398150.00,398150.00,398150.00,COMPLETED,,
TRANSFER_CRYPTO_TO_BANK,5/15/2077 6:07,3538748->3538753,VITE22012077-0098,389389297286,Vinoway (3324) 6395537995815432639,Crypto account (7) 757575801,Vinoway (3324),1717100.00,1717100.00,1717100.00,COMPLETED,,
TRANSFER_CRYPTO_TO_BANK,5/16/2077 6:07,3538858->3538845,VITE22012077-0099,389389297385,Vinoway (3324) 6395537995815432639,Crypto account (7) 757575802,Vinoway (3324),674000.00,674000.00,674000.00,COMPLETED,,
TRANSFER_CRYPTO_TO_BANK,5/17/2077 6:07,3538833->3538844,VITE22012077-00100,389389297484,Vinoway (3324) 6395537995815432639,Crypto account (7) 757575803,Vinoway (3324),1776880.00,1776880.00,1776880.00,COMPLETED,,
TRANSFER_CRYPTO_TO_BANK,5/18/2077 6:07,3538835->3538847,VITE22012077-00103,389389297583,Vinoway (3324) 6395537995815432639,Crypto account (7) 757575804,Vinoway (3324),676101.80,676101.80,676101.80,COMPLETED,,
TRANSFER_CRYPTO_TO_BANK,5/19/2077 6:07,3538837->3538853,VITE22012077-02201,389389297682,Vinoway (3324) 6395537995815432639,Crypto account (7) 757575805,Vinoway (3324),730616.00,730616.00,730616.00,COMPLETED,,
TRANSFER_CRYPTO_TO_BANK,5/20/2077 6:07,3538838->3538848,VITE22012077-00105,389389297781,Vinoway (3324) 6395537995815432639,Crypto account (7) 757575806,Vinoway (3324),1419600.00,1419600.00,1419600.00,COMPLETED,,
TRANSFER_CRYPTO_TO_BANK,5/21/2077 6:07,3538838->3538873,VITE22012077-00114,389389297880,Vinoway (3324) 6395537995815432639,Crypto account (7) 757575807,Vinoway (3324),1700000.00,1700000.00,1700000.00,COMPLETED,,
TRANSFER_CRYPTO_TO_BANK,5/22/2077 6:07,3538838->3538877,VITE22012077-00116,389389297979,Vinoway (3324) 6395537995815432639,Crypto account (7) 757575808,Vinoway (3324),500000.00,500000.00,500000.00,COMPLETED,,
TRANSFER_CRYPTO_TO_BANK,5/23/2077 6:07,3523333->3523343,VITE22012077-00108,389389298078,Vinoway (3324) 6395537995815432639,Crypto account (7) 757575809,Vinoway (3324),1500000.00,1500000.00,1500000.00,COMPLETED,,
TRANSFER_CRYPTO_TO_BANK,5/24/2077 6:07,3523337->3523344,VITE22012077-00109,389389298177,Vinoway (3324) 6395537995815432639,Crypto account (7) 757575810,Vinoway (3324),349650.00,349650.00,349650.00,COMPLETED,,
TRANSFER_CRYPTO_TO_BANK,5/25/2077 6:07,3523338->3523343,VITE22012077-00110,389389298276,Vinoway (3324) 6395537995815432639,Crypto account (7) 757575811,Vinoway (3324),586470.00,586470.00,586470.00,COMPLETED,,
TRANSFER_CRYPTO_TO_BANK,5/26/2077 6:07,3523528->3523558,VITE22012077-3,389389298375,Vinoway (3324) 6395537995815432639,Crypto account (7) 757575812,Vinoway (3324),1015000.00,1015000.00,1015000.00,COMPLETED,,
TRANSFER_CRYPTO_TO_BANK,5/27/2077 6:07,3523534->3523533,VITE22012077-11,389389298474,Vinoway (3324) 6395537995815432639,Crypto account (7) 757575813,Vinoway (3324),491856.00,491856.00,491856.00,COMPLETED,,
TRANSFER_CRYPTO_TO_BANK,5/28/2077 6:07,3523537->3523538,VITE22012077-25,389389298573,Vinoway (3324) 6395537995815432639,Crypto account (7) 757575814,Vinoway (3324),1770875.00,1770875.00,1770875.00,COMPLETED,,
TRANSFER_CRYPTO_TO_BANK,5/29/2077 6:07,3523847->3523834,VITE22012077-6,389389298672,Vinoway (3324) 6395537995815432639,Crypto account (7) 757575815,Vinoway (3324),1000735.00,1000735.00,1000735.00,COMPLETED,,
TRANSFER_CRYPTO_TO_BANK,5/30/2077 6:07,3523848->3523833,VITE22012077-8,389389298771,Vinoway (3324) 6395537995815432639,Crypto account (7) 757575816,Vinoway (3324),4105760.00,4105760.00,4105760.00,COMPLETED,,
TRANSFER_CRYPTO_TO_BANK,5/31/2077 6:07,3523852->3523872,VITE22012077-10,389389298870,Vinoway (3324) 6395537995815432639,Crypto account (7) 757575817,Vinoway (3324),607500.00,607500.00,607500.00,COMPLETED,,
TRANSFER_CRYPTO_TO_BANK,6/1/2077 6:07,3523854->3523878,VITE22012077-14,389389298969,Vinoway (3324) 6395537995815432639,Crypto account (7) 757575818,Vinoway (3324),337500.00,337500.00,337500.00,COMPLETED,,
TRANSFER_CRYPTO_TO_BANK,6/2/2077 6:07,3523858->3523885,VITE22012077-17,389389299068,Vinoway (3324) 6395537995815432639,Crypto account (7) 757575819,Vinoway (3324),1011000.00,1011000.00,1011000.00,COMPLETED,,
TRANSFER_CRYPTO_TO_BANK,6/3/2077 6:07,3523833->3523887,VITE22012077-18,389389299167,Vinoway (3324) 6395537995815432639,Crypto account (7) 757575820,Vinoway (3324),691900.00,691900.00,691900.00,COMPLETED,,
TRANSFER_CRYPTO_TO_BANK,6/4/2077 6:07,3523832->3523884,VITE22012077-19,389389299266,Vinoway (3324) 6395537995815432639,Crypto account (7) 757575821,Vinoway (3324),405000.00,405000.00,405000.00,COMPLETED,,
TRANSFER_CRYPTO_TO_BANK,6/5/2077 6:07,3523837->3523888,VITE22012077-23,389389299365,Vinoway (3324) 6395537995815432639,Crypto account (7) 757575822,Vinoway (3324),337500.00,337500.00,337500.00,COMPLETED,,
TRANSFER_CRYPTO_TO_BANK,6/6/2077 6:07,3523875->3522333,VITE22012077-27,389389299464,Vinoway (3324) 6395537995815432639,Crypto account (7) 757575823,Vinoway (3324),1700000.00,1700000.00,1700000.00,COMPLETED,,
TRANSFER_CRYPTO_TO_BANK,6/7/2077 6:07,3523874->3523888,VITE22012077-29,389389299563,Vinoway (3324) 6395537995815432639,Crypto account (7) 757575824,Vinoway (3324),696180.00,696180.00,696180.00,COMPLETED,,
TRANSFER_CRYPTO_TO_BANK,6/8/2077 6:07,3523875->3522333,VITE22012077-30,389389299662,Vinoway (3324) 6395537995815432639,Crypto account (7) 757575825,Vinoway (3324),1979610.00,1979610.00,1979610.00,COMPLETED,,
TRANSFER_CRYPTO_TO_BANK,6/9/2077 6:07,3523883->3522333,VITE22012077-31,389389299761,Vinoway (3324) 6395537995815432639,Crypto account (7) 757575826,Vinoway (3324),1565744.00,1565744.00,1565744.00,COMPLETED,,
TRANSFER_CRYPTO_TO_BANK,6/10/2077 6:07,3523885->3522335,VITE22012077-33,389389299860,Vinoway (3324) 6395537995815432639,Crypto account (7) 757575827,Vinoway (3324),401800.00,401800.00,401800.00,COMPLETED,,
TRANSFER_CRYPTO_TO_BANK,6/11/2077 6:07,3523882->3522334,VITE22012077-32,389389299959,Vinoway (3324) 6395537995815432639,Crypto account (7) 757575828,Vinoway (3324),1319615.00,1319615.00,1319615.00,COMPLETED,,
TRANSFER_CRYPTO_TO_BANK,6/12/2077 6:07,3523883->3522337,VITE22012077-34,389389300058,Vinoway (3324) 6395537995815432639,Crypto account (7) 757575829,Vinoway (3324),696956.00,696956.00,696956.00,COMPLETED,,
TRANSFER_CRYPTO_TO_BANK,6/13/2077 6:07,3522352->3522335,VITE22012077-9,389389300157,Vinoway (3324) 6395537995815432639,Crypto account (7) 757575830,Vinoway (3324),337500.00,337500.00,337500.00,COMPLETED,,
TRANSFER_CRYPTO_TO_BANK,6/14/2077 6:07,3522355->3522338,VITE22012077-21,389389300256,Vinoway (3324) 6395537995815432639,Crypto account (7) 757575831,Vinoway (3324),1150000.00,1150000.00,1150000.00,COMPLETED,,
TRANSFER_CRYPTO_TO_BANK,6/15/2077 6:07,3522354->3522353,VITE22012077-36,389389300355,Vinoway (3324) 6395537995815432639,Crypto account (7) 757575832,Vinoway (3324),1500000.00,1500000.00,1500000.00,COMPLETED,,
TRANSFER_CRYPTO_TO_BANK,6/16/2077 6:07,3522358->3522355,VITE22012077-42,389389300454,Vinoway (3324) 6395537995815432639,Crypto account (7) 757575833,Vinoway (3324),351000.00,351000.00,351000.00,COMPLETED,,
TRANSFER_CRYPTO_TO_BANK,6/17/2077 6:07,3522333->3522333,VITE22012077-43,389389300553,Vinoway (3324) 6395537995815432639,Crypto account (7) 757575834,Vinoway (3324),193913.00,193913.00,193913.00,COMPLETED,,
TRANSFER_CRYPTO_TO_BANK,6/18/2077 6:07,3522332->3522333,VITE22012077-44,389389300652,Vinoway (3324) 6395537995815432639,Crypto account (7) 757575835,Vinoway (3324),1351000.00,1351000.00,1351000.00,COMPLETED,,
TRANSFER_CRYPTO_TO_BANK,6/19/2077 6:07,3522334->3522334,VITE22012077-45,389389300751,Vinoway (3324) 6395537995815432639,Crypto account (7) 757575836,Vinoway (3324),1194750.00,1194750.00,1194750.00,COMPLETED,,
TRANSFER_CRYPTO_TO_BANK,6/20/2077 6:07,3522333->3522335,VITE22012077-46,389389300850,Vinoway (3324) 6395537995815432639,Crypto account (7) 757575837,Vinoway (3324),3091500.00,3091500.00,3091500.00,COMPLETED,,
TRANSFER_CRYPTO_TO_BANK,6/21/2077 6:07,3522338->3522335,VITE22012077-48,389389300949,Vinoway (3324) 6395537995815432639,Crypto account (7) 757575838,Vinoway (3324),371150.00,371150.00,371150.00,COMPLETED,,
TRANSFER_CRYPTO_TO_BANK,6/22/2077 6:07,3522343->3522373,VITE22012077-49,389389301048,Vinoway (3324) 6395537995815432639,Crypto account (7) 757575839,Vinoway (3324),578000.00,578000.00,578000.00,COMPLETED,,
TRANSFER_CRYPTO_TO_BANK,6/23/2077 6:07,3522345->3522373,VITE22012077-51,389389301147,Vinoway (3324) 6395537995815432639,Crypto account (7) 757575840,Vinoway (3324),988400.00,988400.00,988400.00,COMPLETED,,
TRANSFER_CRYPTO_TO_BANK,6/24/2077 6:07,3522358->3522385,VITE22012077-57,389389301246,Vinoway (3324) 6395537995815432639,Crypto account (7) 757575841,Vinoway (3324),1141100.00,1141100.00,1141100.00,COMPLETED,,
TRANSFER_CRYPTO_TO_BANK,6/25/2077 6:07,3522333->3522433,VITE22012077-60,389389301345,Vinoway (3324) 6395537995815432639,Crypto account (7) 757575842,Vinoway (3324),168740.00,168740.00,168740.00,COMPLETED,,
TRANSFER_CRYPTO_TO_BANK,6/26/2077 6:07,3522338->3522432,VITE22012077-62,389389301444,Vinoway (3324) 6395537995815432639,Crypto account (7) 757575843,Vinoway (3324),1360000.00,1360000.00,1360000.00,COMPLETED,,
TRANSFER_CRYPTO_TO_BANK,6/27/2077 6:07,3522374->3522425,VITE22012077-65,389389301543,Vinoway (3324) 6395537995815432639,Crypto account (7) 757575844,Vinoway (3324),818900.00,818900.00,818900.00,COMPLETED,,
TRANSFER_CRYPTO_TO_BANK,6/28/2077 6:07,3522378->3522423,VITE22012077-69,389389301642,Vinoway (3324) 6395537995815432639,Crypto account (7) 757575845,Vinoway (3324),1553175.00,1553175.00,1553175.00,COMPLETED,,
TRANSFER_CRYPTO_TO_BANK,6/29/2077 6:07,3522383->3522424,VITE22012077-71,389389301741,Vinoway (3324) 6395537995815432639,Crypto account (7) 757575846,Vinoway (3324),1366000.00,1366000.00,1366000.00,COMPLETED,,
TRANSFER_CRYPTO_TO_BANK,6/30/2077 6:07,3522384->3522425,VITE22012077-72,389389301840,Vinoway (3324) 6395537995815432639,Crypto account (7) 757575847,Vinoway (3324),671000.00,671000.00,671000.00,COMPLETED,,
TRANSFER_CRYPTO_TO_BANK,7/1/2077 6:07,3522388->3522453,VITE22012077-74,389389301939,Vinoway (3324) 6395537995815432639,Crypto account (7) 757575848,Vinoway (3324),1761000.00,1761000.00,1761000.00,COMPLETED,,
TRANSFER_CRYPTO_TO_BANK,7/2/2077 6:07,3522388->3522428,VITE22012077-75,389389302038,Vinoway (3324) 6395537995815432639,Crypto account (7) 757575849,Vinoway (3324),4948000.00,4948000.00,4948000.00,COMPLETED,,
TRANSFER_CRYPTO_TO_BANK,7/3/2077 6:07,3522384->3522455,VITE22012077-77,389389302137,Vinoway (3324) 6395537995815432639,Crypto account (7) 757575850,Vinoway (3324),1017010.00,1017010.00,1017010.00,COMPLETED,,
TRANSFER_CRYPTO_TO_BANK,7/4/2077 6:07,3522385->3522452,VITE22012077-78,389389302236,Vinoway (3324) 6395537995815432639,Crypto account (7) 757575851,Vinoway (3324),1113750.00,1113750.00,1113750.00,COMPLETED,,
TRANSFER_CRYPTO_TO_BANK,7/5/2077 6:07,3522435->3522458,VITE22012077-84,389389302335,Vinoway (3324) 6395537995815432639,Crypto account (7) 757575852,Vinoway (3324),1713800.00,1713800.00,1713800.00,COMPLETED,,
TRANSFER_CRYPTO_TO_BANK,7/6/2077 6:07,3522433->3522457,VITE22012077-85,389389302434,Vinoway (3324) 6395537995815432639,Crypto account (7) 757575853,Vinoway (3324),1583900.00,1583900.00,1583900.00,COMPLETED,,
TRANSFER_CRYPTO_TO_BANK,7/7/2077 6:07,3522438->3522433,VITE22012077-86,389389302533,Vinoway (3324) 6395537995815432639,Crypto account (7) 757575854,Vinoway (3324),3046700.00,3046700.00,3046700.00,COMPLETED,,
TRANSFER_CRYPTO_TO_BANK,7/8/2077 6:07,3522422->3522435,VITE22012077-88,389389302632,Vinoway (3324) 6395537995815432639,Crypto account (7) 757575855,Vinoway (3324),630708.00,630708.00,630708.00,COMPLETED,,
TRANSFER_CRYPTO_TO_BANK,7/9/2077 6:07,3522443->3522458,VITE22012077-59,389389302731,Vinoway (3324) 6395537995815432639,Crypto account (7) 757575856,Vinoway (3324),1098094.00,1098094.00,1098094.00,COMPLETED,,
TRANSFER_CRYPTO_TO_BANK,7/10/2077 6:07,3522452->3522435,VITE22012077-68,389389302830,Vinoway (3324) 6395537995815432639,Crypto account (7) 757575857,Vinoway (3324),1540090.00,1540090.00,1540090.00,COMPLETED,,
TRANSFER_CRYPTO_TO_BANK,7/11/2077 6:07,3522453->3522433,VITE22012077-73,389389302929,Vinoway (3324) 6395537995815432639,Crypto account (7) 757575858,Vinoway (3324),1359000.00,1359000.00,1359000.00,COMPLETED,,
TRANSFER_CRYPTO_TO_BANK,7/12/2077 6:07,3522553->3522557,VITE22012077-90,389389303028,Vinoway (3324) 6395537995815432639,Crypto account (7) 757575859,Vinoway (3324),516375.00,516375.00,516375.00,COMPLETED,,
TRANSFER_CRYPTO_TO_BANK,7/13/2077 6:07,3522552->3522558,VITE22012077-91,389389303127,Vinoway (3324) 6395537995815432639,Crypto account (7) 757575860,Vinoway (3324),1014480.00,1014480.00,1014480.00,COMPLETED,,
TRANSFER_CRYPTO_TO_BANK,7/14/2077 6:07,3522555->3522532,VITE22012077-95,389389303226,Vinoway (3324) 6395537995815432639,Crypto account (7) 757575861,Vinoway (3324),1500000.00,1500000.00,1500000.00,COMPLETED,,
TRANSFER_CRYPTO_TO_BANK,7/15/2077 6:07,3522885->3522888,VITE22012077-37,389389303325,Vinoway (3324) 6395537995815432639,Crypto account (7) 757575862,Vinoway (3324),1111466.00,1111466.00,1111466.00,COMPLETED,,
TRANSFER_CRYPTO_TO_BANK,7/16/2077 6:07,3522885->3522838,VITE22012077-96,389389303424,Vinoway (3324) 6395537995815432639,Crypto account (7) 757575863,Vinoway (3324),1011500.00,1011500.00,1011500.00,COMPLETED,,
TRANSFER_CRYPTO_TO_BANK,7/17/2077 6:07,3522887->3522828,VITE22012077-98,389389303523,Vinoway (3324) 6395537995815432639,Crypto account (7) 757575864,Vinoway (3324),1361500.00,1361500.00,1361500.00,COMPLETED,,
TRANSFER_CRYPTO_TO_BANK,7/18/2077 6:07,3522888->3522853,VITE22012077-99,389389303622,Vinoway (3324) 6395537995815432639,Crypto account (7) 757575865,Vinoway (3324),631475.00,631475.00,631475.00,COMPLETED,,
TRANSFER_CRYPTO_TO_BANK,7/19/2077 6:07,3522833->3522853,VITE22012077-100,389389303721,Vinoway (3324) 6395537995815432639,Crypto account (7) 757575866,Vinoway (3324),1010000.00,1010000.00,1010000.00,COMPLETED,,
TRANSFER_CRYPTO_TO_BANK,7/20/2077 6:07,3522832->3522858,VITE22012077-101,389389303820,Vinoway (3324) 6395537995815432639,Crypto account (7) 757575867,Vinoway (3324),1699000.00,1699000.00,1699000.00,COMPLETED,,
TRANSFER_CRYPTO_TO_BANK,7/21/2077 6:07,3522835->3522858,VITE22012077-102,389389303919,Vinoway (3324) 6395537995815432639,Crypto account (7) 757575868,Vinoway (3324),1364000.00,1364000.00,1364000.00,COMPLETED,,
TRANSFER_CRYPTO_TO_BANK,7/22/2077 6:07,3522834->3522833,VITE22012077-103,389389304018,Vinoway (3324) 6395537995815432639,Crypto account (7) 757575869,Vinoway (3324),1837171.00,1837171.00,1837171.00,COMPLETED,,
TRANSFER_CRYPTO_TO_BANK,7/23/2077 6:07,3522833->3522832,VITE22012077-104,389389304117,Vinoway (3324) 6395537995815432639,Crypto account (7) 757575870,Vinoway (3324),1166400.00,1166400.00,1166400.00,COMPLETED,,
TRANSFER_CRYPTO_TO_BANK,7/24/2077 6:07,3525545->3525532,VITE22012077-125,389389304216,Vinoway (3324) 6395537995815432639,Crypto account (7) 757575871,Vinoway (3324),796318.00,796318.00,796318.00,COMPLETED,,
TRANSFER_CRYPTO_TO_BANK,7/25/2077 6:07,3525543->3525533,VITE22012077-126,389389304315,Vinoway (3324) 6395537995815432639,Crypto account (7) 757575872,Vinoway (3324),1144130.00,1144130.00,1144130.00,COMPLETED,,
TRANSFER_CRYPTO_TO_BANK,7/26/2077 6:07,3525555->3525573,VITE22012077-130,389389304414,Vinoway (3324) 6395537995815432639,Crypto account (7) 757575873,Vinoway (3324),1417615.00,1417615.00,1417615.00,COMPLETED,,
TRANSFER_CRYPTO_TO_BANK,7/27/2077 6:07,3525553->3525574,VITE22012077-131,389389304513,Vinoway (3324) 6395537995815432639,Crypto account (7) 757575874,Vinoway (3324),1611400.00,1611400.00,1611400.00,COMPLETED,,
TRANSFER_CRYPTO_TO_BANK,7/28/2077 6:07,3525555->3525577,VITE22012077-132,389389304612,Vinoway (3324) 6395537995815432639,Crypto account (7) 757575875,Vinoway (3324),676000.00,676000.00,676000.00,COMPLETED,,
TRANSFER_CRYPTO_TO_BANK,7/29/2077 6:07,3525553->3525583,VITE22012077-134,389389304711,Vinoway (3324) 6395537995815432639,Crypto account (7) 757575876,Vinoway (3324),680000.00,680000.00,680000.00,COMPLETED,,
TRANSFER_CRYPTO_TO_BANK,7/30/2077 6:07,3525558->3525585,VITE22012077-135,389389304810,Vinoway (3324) 6395537995815432639,Crypto account (7) 757575877,Vinoway (3324),1015000.00,1015000.00,1015000.00,COMPLETED,,
TRANSFER_CRYPTO_TO_BANK,7/31/2077 6:07,3525535->3525583,VITE22012077-137,389389304909,Vinoway (3324) 6395537995815432639,Crypto account (7) 757575878,Vinoway (3324),1005405.80,1005405.80,1005405.80,COMPLETED,,
TRANSFER_CRYPTO_TO_BANK,8/1/2077 6:07,3525534->3525585,VITE22012077-138,389389305008,Vinoway (3324) 6395537995815432639,Crypto account (7) 757575879,Vinoway (3324),3394575.00,3394575.00,3394575.00,COMPLETED,,
TRANSFER_CRYPTO_TO_BANK,8/2/2077 6:07,3525533->3525583,VITE22012077-139,389389305107,Vinoway (3324) 6395537995815432639,Crypto account (7) 757575880,Vinoway (3324),598936.00,598936.00,598936.00,COMPLETED,,
TRANSFER_CRYPTO_TO_BANK,8/3/2077 6:07,3525538->3525588,VITE22012077-141,389389305206,Vinoway (3324) 6395537995815432639,Crypto account (7) 757575881,Vinoway (3324),1115156.00,1115156.00,1115156.00,COMPLETED,,
TRANSFER_CRYPTO_TO_BANK,8/4/2077 6:07,3525573->3525332,VITE22012077-142,389389305305,Vinoway (3324) 6395537995815432639,Crypto account (7) 757575882,Vinoway (3324),4044674.00,4044674.00,4044674.00,COMPLETED,,
TRANSFER_CRYPTO_TO_BANK,8/5/2077 6:07,3525575->3525333,VITE22012077-143,389389305404,Vinoway (3324) 6395537995815432639,Crypto account (7) 757575883,Vinoway (3324),1919086.00,1919086.00,1919086.00,COMPLETED,,
TRANSFER_CRYPTO_TO_BANK,8/6/2077 6:07,3525573->3525335,VITE22012077-145,389389305503,Vinoway (3324) 6395537995815432639,Crypto account (7) 757575884,Vinoway (3324),1700000.00,1700000.00,1700000.00,COMPLETED,,
TRANSFER_CRYPTO_TO_BANK,8/7/2077 6:07,3525578->3525334,VITE22012077-146,389389305602,Vinoway (3324) 6395537995815432639,Crypto account (7) 757575885,Vinoway (3324),3370000.00,3370000.00,3370000.00,COMPLETED,,
TRANSFER_CRYPTO_TO_BANK,8/8/2077 6:07,3525578->3525333,VITE22012077-147,389389305701,Vinoway (3324) 6395537995815432639,Crypto account (7) 757575886,Vinoway (3324),1000000.00,1000000.00,1000000.00,COMPLETED,,
TRANSFER_CRYPTO_TO_BANK,8/9/2077 6:07,3525582->3525323,VITE22012077-150,389389305800,Vinoway (3324) 6395537995815432639,Crypto account (7) 757575887,Vinoway (3324),1359000.00,1359000.00,1359000.00,COMPLETED,,
TRANSFER_CRYPTO_TO_BANK,8/10/2077 6:07,3525583->3525337,VITE22012077-152,389389305899,Vinoway (3324) 6395537995815432639,Crypto account (7) 757575888,Vinoway (3324),1147500.00,1147500.00,1147500.00,COMPLETED,,
TRANSFER_CRYPTO_TO_BANK,8/11/2077 6:07,3525584->3525338,VITE22012077-153,389389305998,Vinoway (3324) 6395537995815432639,Crypto account (7) 757575889,Vinoway (3324),1391560.00,1391560.00,1391560.00,COMPLETED,,
TRANSFER_CRYPTO_TO_BANK,8/12/2077 6:07,3525587->3525323,VITE22012077-154,389389306097,Vinoway (3324) 6395537995815432639,Crypto account (7) 757575890,Vinoway (3324),1098115.00,1098115.00,1098115.00,COMPLETED,,
TRANSFER_CRYPTO_TO_BANK,8/13/2077 6:07,3525588->3525327,VITE22012077-155,389389306196,Vinoway (3324) 6395537995815432639,Crypto account (7) 757575891,Vinoway (3324),945000.00,945000.00,945000.00,COMPLETED,,
TRANSFER_CRYPTO_TO_BANK,8/14/2077 6:07,3525588->3525328,VITE22012077-156,389389306295,Vinoway (3324) 6395537995815432639,Crypto account (7) 757575892,Vinoway (3324),438100.00,438100.00,438100.00,COMPLETED,,
TRANSFER_CRYPTO_TO_BANK,8/15/2077 6:07,3525582->3525325,VITE22012077-157,389389306394,Vinoway (3324) 6395537995815432639,Crypto account (7) 757575893,Vinoway (3324),315440.00,315440.00,315440.00,COMPLETED,,
TRANSFER_CRYPTO_TO_BANK,8/16/2077 6:07,3525584->3525325,VITE22012077-160,389389306493,Vinoway (3324) 6395537995815432639,Crypto account (7) 757575894,Vinoway (3324),1601775.00,1601775.00,1601775.00,COMPLETED,,
TRANSFER_CRYPTO_TO_BANK,8/17/2077 6:07,3525588->3525352,VITE22012077-165,389389306592,Vinoway (3324) 6395537995815432639,Crypto account (7) 757575895,Vinoway (3324),486000.00,486000.00,486000.00,COMPLETED,,
TRANSFER_CRYPTO_TO_BANK,8/18/2077 6:07,3525332->3525334,VITE22012077-39,389389306691,Vinoway (3324) 6395537995815432639,Crypto account (7) 757575896,Vinoway (3324),1030560.00,1030560.00,1030560.00,COMPLETED,,
TRANSFER_CRYPTO_TO_BANK,8/19/2077 6:07,3525335->3525333,VITE22012077-92,389389306790,Vinoway (3324) 6395537995815432639,Crypto account (7) 757575897,Vinoway (3324),697310.00,697310.00,697310.00,COMPLETED,,
TRANSFER_CRYPTO_TO_BANK,8/20/2077 6:07,3525348->3525332,VITE22012077-148,389389306889,Vinoway (3324) 6395537995815432639,Crypto account (7) 757575898,Vinoway (3324),3471600.00,3471600.00,3471600.00,COMPLETED,,
TRANSFER_CRYPTO_TO_BANK,8/21/2077 6:07,3525355->3525334,VITE22012077-162,389389306988,Vinoway (3324) 6395537995815432639,Crypto account (7) 757575899,Vinoway (3324),1081600.00,1081600.00,1081600.00,COMPLETED,,
TRANSFER_CRYPTO_TO_BANK,8/22/2077 6:07,3525352->3525333,VITE22012077-161,389389307087,Vinoway (3324) 6395537995815432639,Crypto account (7) 757575900,Vinoway (3324),1178115.00,1178115.00,1178115.00,COMPLETED,,
TRANSFER_CRYPTO_TO_BANK,8/23/2077 6:07,3525355->3525333,VITE22012077-164,389389307186,Vinoway (3324) 6395537995815432639,Crypto account (7) 757575901,Vinoway (3324),843750.00,843750.00,843750.00,COMPLETED,,
TRANSFER_CRYPTO_TO_BANK,8/24/2077 6:07,3525357->3525338,VITE22012077-167,389389307285,Vinoway (3324) 6395537995815432639,Crypto account (7) 757575902,Vinoway (3324),350480.00,350480.00,350480.00,COMPLETED,,
TRANSFER_CRYPTO_TO_BANK,8/25/2077 6:07,3525377->3525378,VITE22012077-168,389389307384,Vinoway (3324) 6395537995815432639,Crypto account (7) 757575903,Vinoway (3324),415150.00,415150.00,415150.00,COMPLETED,,
TRANSFER_CRYPTO_TO_BANK,8/26/2077 6:07,3525827->3525838,VITE22012077-171,389389307483,Vinoway (3324) 6395537995815432639,Crypto account (7) 757575904,Vinoway (3324),696180.00,696180.00,696180.00,COMPLETED,,
TRANSFER_CRYPTO_TO_BANK,8/27/2077 6:07,3525852->3525843,VITE22012077-174,389389307582,Vinoway (3324) 6395537995815432639,Crypto account (7) 757575905,Vinoway (3324),676000.00,676000.00,676000.00,COMPLETED,,
TRANSFER_CRYPTO_TO_BANK,8/28/2077 6:07,3525855->3525845,VITE22012077-175,389389307681,Vinoway (3324) 6395537995815432639,Crypto account (7) 757575906,Vinoway (3324),3395150.00,3395150.00,3395150.00,COMPLETED,,
TRANSFER_CRYPTO_TO_BANK,8/29/2077 6:07,3525854->3525843,VITE22012077-176,389389307780,Vinoway (3324) 6395537995815432639,Crypto account (7) 757575907,Vinoway (3324),1041580.00,1041580.00,1041580.00,COMPLETED,,
TRANSFER_CRYPTO_TO_BANK,8/30/2077 6:07,3525858->3525848,VITE22012077-179,389389307879,Vinoway (3324) 6395537995815432639,Crypto account (7) 757575908,Vinoway (3324),1500000.00,1500000.00,1500000.00,COMPLETED,,
TRANSFER_CRYPTO_TO_BANK,8/31/2077 6:07,3525834->3525852,VITE22012077-182,389389307978,Vinoway (3324) 6395537995815432639,Crypto account (7) 757575909,Vinoway (3324),780000.00,780000.00,780000.00,COMPLETED,,
TRANSFER_CRYPTO_TO_BANK,9/1/2077 6:07,3523543->3523544,VITE22012077-110,389389308077,Vinoway (3324) 6395537995815432639,Crypto account (7) 757575910,Vinoway (3324),1010000.00,1010000.00,1010000.00,COMPLETED,,
TRANSFER_CRYPTO_TO_BANK,9/2/2077 6:07,3523533->3523578,VITE22012077-127,389389308176,Vinoway (3324) 6395537995815432639,Crypto account (7) 757575911,Vinoway (3324),1561100.00,1561100.00,1561100.00,COMPLETED,,
TRANSFER_CRYPTO_TO_BANK,9/3/2077 6:07,3523533->3523585,VITE22012077-184,389389308275,Vinoway (3324) 6395537995815432639,Crypto account (7) 757575912,Vinoway (3324),337500.00,337500.00,337500.00,COMPLETED,,
TRANSFER_CRYPTO_TO_BANK,9/4/2077 6:07,3523538->3523585,VITE22012077-185,389389308374,Vinoway (3324) 6395537995815432639,Crypto account (7) 757575913,Vinoway (3324),1198400.00,1198400.00,1198400.00,COMPLETED,,
TRANSFER_CRYPTO_TO_BANK,9/5/2077 6:07,3523575->3523333,VITE22012077-187,389389308473,Vinoway (3324) 6395537995815432639,Crypto account (7) 757575914,Vinoway (3324),1000000.00,1000000.00,1000000.00,COMPLETED,,
TRANSFER_CRYPTO_TO_BANK,9/6/2077 6:07,3523575->3523334,VITE22012077-190,389389308572,Vinoway (3324) 6395537995815432639,Crypto account (7) 757575915,Vinoway (3324),1360115.00,1360115.00,1360115.00,COMPLETED,,
TRANSFER_CRYPTO_TO_BANK,9/7/2077 6:07,3523582->3523324,VITE22012077-192,389389308671,Vinoway (3324) 6395537995815432639,Crypto account (7) 757575916,Vinoway (3324),1179115.00,1179115.00,1179115.00,COMPLETED,,
TRANSFER_CRYPTO_TO_BANK,9/8/2077 6:07,3523585->3523323,VITE22012077-193,389389308770,Vinoway (3324) 6395537995815432639,Crypto account (7) 757575917,Vinoway (3324),3600000.00,3600000.00,3600000.00,COMPLETED,,
TRANSFER_CRYPTO_TO_BANK,9/9/2077 6:07,3523587->3523353,VITE22012077-197,389389308869,Vinoway (3324) 6395537995815432639,Crypto account (7) 757575918,Vinoway (3324),996040.00,996040.00,996040.00,COMPLETED,,
TRANSFER_CRYPTO_TO_BANK,9/10/2077 6:07,3523588->3523355,VITE22012077-198,389389308968,Vinoway (3324) 6395537995815432639,Crypto account (7) 757575919,Vinoway (3324),1819800.00,1819800.00,1819800.00,COMPLETED,,
TRANSFER_CRYPTO_TO_BANK,9/11/2077 6:07,3523583->3523354,VITE22012077-199,389389309067,Vinoway (3324) 6395537995815432639,Crypto account (7) 757575920,Vinoway (3324),349650.00,349650.00,349650.00,COMPLETED,,
TRANSFER_CRYPTO_TO_BANK,9/12/2077 6:07,3523583->3523353,VITE22012077-201,389389309166,Vinoway (3324) 6395537995815432639,Crypto account (7) 757575921,Vinoway (3324),500000.00,500000.00,500000.00,COMPLETED,,
TRANSFER_CRYPTO_TO_BANK,9/13/2077 6:07,3523587->3523357,VITE22012077-203,389389309265,Vinoway (3324) 6395537995815432639,Crypto account (7) 757575922,Vinoway (3324),351000.00,351000.00,351000.00,COMPLETED,,
TRANSFER_CRYPTO_TO_BANK,9/14/2077 6:07,3523588->3523358,VITE22012077-204,389389309364,Vinoway (3324) 6395537995815432639,Crypto account (7) 757575923,Vinoway (3324),1168000.00,1168000.00,1168000.00,COMPLETED,,
TRANSFER_CRYPTO_TO_BANK,9/15/2077 6:07,3523335->3523332,VITE22012077-207,389389309463,Vinoway (3324) 6395537995815432639,Crypto account (7) 757575924,Vinoway (3324),1359000.00,1359000.00,1359000.00,COMPLETED,,
TRANSFER_CRYPTO_TO_BANK,9/16/2077 6:07,3523333->3523335,VITE22012077-208,389389309562,Vinoway (3324) 6395537995815432639,Crypto account (7) 757575925,Vinoway (3324),740000.00,740000.00,740000.00,COMPLETED,,
TRANSFER_CRYPTO_TO_BANK,9/17/2077 6:07,3523325->3523337,VITE22012077-212,389389309661,Vinoway (3324) 6395537995815432639,Crypto account (7) 757575926,Vinoway (3324),1046000.00,1046000.00,1046000.00,COMPLETED,,
TRANSFER_CRYPTO_TO_BANK,9/18/2077 6:07,3523328->3523338,VITE22012077-214,389389309760,Vinoway (3324) 6395537995815432639,Crypto account (7) 757575927,Vinoway (3324),878800.00,878800.00,878800.00,COMPLETED,,
TRANSFER_CRYPTO_TO_BANK,9/19/2077 6:07,3523334->3523373,VITE22012077-196,389389309859,Vinoway (3324) 6395537995815432639,Crypto account (7) 757575928,Vinoway (3324),886600.00,886600.00,886600.00,COMPLETED,,
TRANSFER_CRYPTO_TO_BANK,9/20/2077 6:07,3523743->3523753,VITE22012077-216,389389309958,Vinoway (3324) 6395537995815432639,Crypto account (7) 757575929,Vinoway (3324),1113100.00,1113100.00,1113100.00,COMPLETED,,
TRANSFER_CRYPTO_TO_BANK,9/21/2077 6:07,3523745->3523757,VITE22012077-217,389389310057,Vinoway (3324) 6395537995815432639,Crypto account (7) 757575930,Vinoway (3324),676000.00,676000.00,676000.00,COMPLETED,,
TRANSFER_CRYPTO_TO_BANK,9/22/2077 6:07,3523747->3523758,VITE22012077-219,389389310156,Vinoway (3324) 6395537995815432639,Crypto account (7) 757575931,Vinoway (3324),1366000.00,1366000.00,1366000.00,COMPLETED,,
TRANSFER_CRYPTO_TO_BANK,9/23/2077 6:07,3523772->3523775,VITE22012077-224,389389310255,Vinoway (3324) 6395537995815432639,Crypto account (7) 757575932,Vinoway (3324),714696.75,714696.75,714696.75,COMPLETED,,
TRANSFER_CRYPTO_TO_BANK,9/24/2077 6:07,3523875->3523884,VITE22012077-225,389389310354,Vinoway (3324) 6395537995815432639,Crypto account (7) 757575933,Vinoway (3324),405000.00,405000.00,405000.00,COMPLETED,,
TRANSFER_CRYPTO_TO_BANK,9/25/2077 6:07,3523873->3523887,VITE22012077-226,389389310453,Vinoway (3324) 6395537995815432639,Crypto account (7) 757575934,Vinoway (3324),1165050.00,1165050.00,1165050.00,COMPLETED,,
TRANSFER_CRYPTO_TO_BANK,9/26/2077 6:07,3523874->3523888,VITE22012077-227,389389310552,Vinoway (3324) 6395537995815432639,Crypto account (7) 757575935,Vinoway (3324),697310.00,697310.00,697310.00,COMPLETED,,
TRANSFER_CRYPTO_TO_BANK,9/27/2077 6:07,3523877->3523885,VITE22012077-230,389389310651,Vinoway (3324) 6395537995815432639,Crypto account (7) 757575936,Vinoway (3324),347615.00,347615.00,347615.00,COMPLETED,,
TRANSFER_CRYPTO_TO_BANK,9/28/2077 6:07,3523883->3523884,VITE22012077-232,389389310750,Vinoway (3324) 6395537995815432639,Crypto account (7) 757575937,Vinoway (3324),1617600.00,1617600.00,1617600.00,COMPLETED,,
TRANSFER_CRYPTO_TO_BANK,9/29/2077 6:07,3523885->3523885,VITE22012077-233,389389310849,Vinoway (3324) 6395537995815432639,Crypto account (7) 757575938,Vinoway (3324),4300300.00,4300300.00,4300300.00,COMPLETED,,
TRANSFER_CRYPTO_TO_BANK,9/30/2077 6:07,3523885->3523887,VITE22012077-235,389389310948,Vinoway (3324) 6395537995815432639,Crypto account (7) 757575939,Vinoway (3324),1011500.00,1011500.00,1011500.00,COMPLETED,,
TRANSFER_CRYPTO_TO_BANK,10/1/2077 6:07,3523834->3523835,VITE22012077-237,389389311047,Vinoway (3324) 6395537995815432639,Crypto account (7) 757575940,Vinoway (3324),539100.00,539100.00,539100.00,COMPLETED,,
TRANSFER_CRYPTO_TO_BANK,10/2/2077 6:07,3524348->3524334,VITE22012077-244,389389311146,Vinoway (3324) 6395537995815432639,Crypto account (7) 757575941,Vinoway (3324),1050000.00,1050000.00,1050000.00,COMPLETED,,
TRANSFER_CRYPTO_TO_BANK,10/3/2077 6:07,3524353->3524335,VITE22012077-245,389389311245,Vinoway (3324) 6395537995815432639,Crypto account (7) 757575942,Vinoway (3324),1100000.00,1100000.00,1100000.00,COMPLETED,,
TRANSFER_CRYPTO_TO_BANK,10/4/2077 6:07,3524352->3524333,VITE22012077-246,389389311344,Vinoway (3324) 6395537995815432639,Crypto account (7) 757575943,Vinoway (3324),945000.00,945000.00,945000.00,COMPLETED,,
TRANSFER_CRYPTO_TO_BANK,10/5/2077 6:07,3524353->3524337,VITE22012077-247,389389311443,Vinoway (3324) 6395537995815432639,Crypto account (7) 757575944,Vinoway (3324),676000.00,676000.00,676000.00,COMPLETED,,
TRANSFER_CRYPTO_TO_BANK,10/6/2077 6:07,3524354->3524338,VITE22012077-248,389389311542,Vinoway (3324) 6395537995815432639,Crypto account (7) 757575945,Vinoway (3324),1417500.00,1417500.00,1417500.00,COMPLETED,,
TRANSFER_CRYPTO_TO_BANK,10/7/2077 6:07,3524357->3524373,VITE22012077-249,389389311641,Vinoway (3324) 6395537995815432639,Crypto account (7) 757575946,Vinoway (3324),3449115.00,3449115.00,3449115.00,COMPLETED,,
TRANSFER_CRYPTO_TO_BANK,10/8/2077 6:07,3524343->3524358,VITE22012077-253,389389311740,Vinoway (3324) 6395537995815432639,Crypto account (7) 757575947,Vinoway (3324),348655.00,348655.00,348655.00,COMPLETED,,
TRANSFER_CRYPTO_TO_BANK,10/9/2077 6:07,3524344->3524332,VITE22012077-254,389389311839,Vinoway (3324) 6395537995815432639,Crypto account (7) 757575948,Vinoway (3324),1836000.00,1836000.00,1836000.00,COMPLETED,,
TRANSFER_CRYPTO_TO_BANK,10/10/2077 6:07,3524345->3524337,VITE22012077-255,389389311938,Vinoway (3324) 6395537995815432639,Crypto account (7) 757575949,Vinoway (3324),337500.00,337500.00,337500.00,COMPLETED,,
TRANSFER_CRYPTO_TO_BANK,10/11/2077 6:07,3524343->3524333,VITE22012077-256,389389312037,Vinoway (3324) 6395537995815432639,Crypto account (7) 757575950,Vinoway (3324),674000.00,674000.00,674000.00,COMPLETED,,
TRANSFER_CRYPTO_TO_BANK,10/12/2077 6:07,3524352->3524378,VITE22012077-259,389389312136,Vinoway (3324) 6395537995815432639,Crypto account (7) 757575951,Vinoway (3324),1680000.00,1680000.00,1680000.00,COMPLETED,,
TRANSFER_CRYPTO_TO_BANK,10/13/2077 6:07,3524355->3524383,VITE22012077-260,389389312235,Vinoway (3324) 6395537995815432639,Crypto account (7) 757575952,Vinoway (3324),683436.00,683436.00,683436.00,COMPLETED,,
TRANSFER_CRYPTO_TO_BANK,10/14/2077 6:07,3524355->3524385,VITE22012077-262,389389312334,Vinoway (3324) 6395537995815432639,Crypto account (7) 757575953,Vinoway (3324),1316150.00,1316150.00,1316150.00,COMPLETED,,
TRANSFER_CRYPTO_TO_BANK,10/15/2077 6:07,3524353->3524382,VITE22012077-263,389389312433,Vinoway (3324) 6395537995815432639,Crypto account (7) 757575954,Vinoway (3324),344150.00,344150.00,344150.00,COMPLETED,,
TRANSFER_CRYPTO_TO_BANK,10/16/2077 6:07,3524357->3524384,VITE22012077-264,389389312532,Vinoway (3324) 6395537995815432639,Crypto account (7) 757575955,Vinoway (3324),3356566.00,3356566.00,3356566.00,COMPLETED,,
TRANSFER_CRYPTO_TO_BANK,10/17/2077 6:07,3524358->3524383,VITE22012077-265,389389312631,Vinoway (3324) 6395537995815432639,Crypto account (7) 757575956,Vinoway (3324),1016000.00,1016000.00,1016000.00,COMPLETED,,
TRANSFER_CRYPTO_TO_BANK,10/18/2077 6:07,3524333->3524385,VITE22012077-266,389389312730,Vinoway (3324) 6395537995815432639,Crypto account (7) 757575957,Vinoway (3324),1019000.00,1019000.00,1019000.00,COMPLETED,,
TRANSFER_CRYPTO_TO_BANK,10/19/2077 6:07,3524335->3524383,VITE22012077-267,389389312829,Vinoway (3324) 6395537995815432639,Crypto account (7) 757575958,Vinoway (3324),4051350.00,4051350.00,4051350.00,COMPLETED,,
TRANSFER_CRYPTO_TO_BANK,10/20/2077 6:07,3524334->3524388,VITE22012077-270,389389312928,Vinoway (3324) 6395537995815432639,Crypto account (7) 757575959,Vinoway (3324),1485000.00,1485000.00,1485000.00,COMPLETED,,
TRANSFER_CRYPTO_TO_BANK,10/21/2077 6:07,3524338->3524382,VITE22012077-272,389389313027,Vinoway (3324) 6395537995815432639,Crypto account (7) 757575960,Vinoway (3324),1015000.00,1015000.00,1015000.00,COMPLETED,,
TRANSFER_CRYPTO_TO_BANK,10/22/2077 6:07,3524335->3524383,VITE22012077-271,389389313126,Vinoway (3324) 6395537995815432639,Crypto account (7) 757575961,Vinoway (3324),4715000.00,4715000.00,4715000.00,COMPLETED,,
TRANSFER_CRYPTO_TO_BANK,10/23/2077 6:07,3524373->3524385,VITE22012077-273,389389313225,Vinoway (3324) 6395537995815432639,Crypto account (7) 757575962,Vinoway (3324),1954600.00,1954600.00,1954600.00,COMPLETED,,
TRANSFER_CRYPTO_TO_BANK,10/24/2077 6:07,3524375->3524384,VITE22012077-276,389389313324,Vinoway (3324) 6395537995815432639,Crypto account (7) 757575963,Vinoway (3324),1361500.00,1361500.00,1361500.00,COMPLETED,,
TRANSFER_CRYPTO_TO_BANK,10/25/2077 6:07,3524435->3524433,VITE22012077-279,389389313423,Vinoway (3324) 6395537995815432639,Crypto account (7) 757575964,Vinoway (3324),1167750.00,1167750.00,1167750.00,COMPLETED,,
TRANSFER_CRYPTO_TO_BANK,10/26/2077 6:07,3524347->3524353,VITE22012077-316,389389313522,Vinoway (3324) 6395537995815432639,Crypto account (7) 757575965,Vinoway (3324),1015000.00,1015000.00,1015000.00,COMPLETED,,
TRANSFER_CRYPTO_TO_BANK,10/27/2077 6:07,3524353->3524335,VITE22012077-314,389389313621,Vinoway (3324) 6395537995815432639,Crypto account (7) 757575966,Vinoway (3324),1000000.00,1000000.00,1000000.00,COMPLETED,,
TRANSFER_CRYPTO_TO_BANK,10/28/2077 6:07,3524352->3524333,VITE22012077-313,389389313720,Vinoway (3324) 6395537995815432639,Crypto account (7) 757575967,Vinoway (3324),674000.00,674000.00,674000.00,COMPLETED,,
TRANSFER_CRYPTO_TO_BANK,10/29/2077 6:07,3524353->3524333,VITE22012077-311,389389313819,Vinoway (3324) 6395537995815432639,Crypto account (7) 757575968,Vinoway (3324),1444600.00,1444600.00,1444600.00,COMPLETED,,
TRANSFER_CRYPTO_TO_BANK,10/30/2077 6:07,3524357->3524338,VITE22012077-308,389389313918,Vinoway (3324) 6395537995815432639,Crypto account (7) 757575969,Vinoway (3324),1015000.00,1015000.00,1015000.00,COMPLETED,,
TRANSFER_CRYPTO_TO_BANK,10/31/2077 6:07,3524358->3524373,VITE22012077-307,389389314017,Vinoway (3324) 6395537995815432639,Crypto account (7) 757575970,Vinoway (3324),683100.00,683100.00,683100.00,COMPLETED,,
TRANSFER_CRYPTO_TO_BANK,11/1/2077 6:07,3524375->3524384,VITE22012077-315,389389314116,Vinoway (3324) 6395537995815432639,Crypto account (7) 757575971,Vinoway (3324),1034000.00,1034000.00,1034000.00,COMPLETED,,
TRANSFER_CRYPTO_TO_BANK,11/2/2077 6:07,3524373->3524387,VITE22012077-310,389389314215,Vinoway (3324) 6395537995815432639,Crypto account (7) 757575972,Vinoway (3324),3707000.00,3707000.00,3707000.00,COMPLETED,,
TRANSFER_CRYPTO_TO_BANK,11/3/2077 6:07,3524377->3524383,VITE22012077-305,389389314314,Vinoway (3324) 6395537995815432639,Crypto account (7) 757575973,Vinoway (3324),1015000.00,1015000.00,1015000.00,COMPLETED,,
TRANSFER_CRYPTO_TO_BANK,11/4/2077 6:07,3524378->3524384,VITE22012077-304,389389314413,Vinoway (3324) 6395537995815432639,Crypto account (7) 757575974,Vinoway (3324),1000000.00,1000000.00,1000000.00,COMPLETED,,
TRANSFER_CRYPTO_TO_BANK,11/5/2077 6:07,3524378->3524383,VITE22012077-303,389389314512,Vinoway (3324) 6395537995815432639,Crypto account (7) 757575975,Vinoway (3324),1800000.00,1800000.00,1800000.00,COMPLETED,,
TRANSFER_CRYPTO_TO_BANK,11/6/2077 6:07,3524385->3524735,VITE22012077-299,389389314611,Vinoway (3324) 6395537995815432639,Crypto account (7) 757575976,Vinoway (3324),599013.00,599013.00,599013.00,COMPLETED,,
TRANSFER_CRYPTO_TO_BANK,11/7/2077 6:07,3524388->3524723,VITE22012077-295,389389314710,Vinoway (3324) 6395537995815432639,Crypto account (7) 757575977,Vinoway (3324),31117.00,31117.00,31117.00,COMPLETED,,
TRANSFER_CRYPTO_TO_BANK,11/8/2077 6:07,3524382->3524727,VITE22012077-294,389389314809,Vinoway (3324) 6395537995815432639,Crypto account (7) 757575978,Vinoway (3324),1485000.00,1485000.00,1485000.00,COMPLETED,,
TRANSFER_CRYPTO_TO_BANK,11/9/2077 6:07,3524385->3524723,VITE22012077-293,389389314908,Vinoway (3324) 6395537995815432639,Crypto account (7) 757575979,Vinoway (3324),1685000.00,1685000.00,1685000.00,COMPLETED,,
TRANSFER_CRYPTO_TO_BANK,11/10/2077 6:07,3524383->3524728,VITE22012077-292,389389315007,Vinoway (3324) 6395537995815432639,Crypto account (7) 757575980,Vinoway (3324),450115.00,450115.00,450115.00,COMPLETED,,
TRANSFER_CRYPTO_TO_BANK,11/11/2077 6:07,3524387->3524757,VITE22012077-291,389389315106,Vinoway (3324) 6395537995815432639,Crypto account (7) 757575981,Vinoway (3324),1660000.00,1660000.00,1660000.00,COMPLETED,,
TRANSFER_CRYPTO_TO_BANK,11/12/2077 6:07,3524388->3524753,VITE22012077-290,389389315205,Vinoway (3324) 6395537995815432639,Crypto account (7) 757575982,Vinoway (3324),1771100.00,1771100.00,1771100.00,COMPLETED,,
TRANSFER_CRYPTO_TO_BANK,11/13/2077 6:07,3524733->3524733,VITE22012077-289,389389315304,Vinoway (3324) 6395537995815432639,Crypto account (7) 757575983,Vinoway (3324),3690000.00,3690000.00,3690000.00,COMPLETED,,
TRANSFER_CRYPTO_TO_BANK,11/14/2077 6:07,3524734->3524735,VITE22012077-286,389389315403,Vinoway (3324) 6395537995815432639,Crypto account (7) 757575984,Vinoway (3324),1186550.00,1186550.00,1186550.00,COMPLETED,,
TRANSFER_CRYPTO_TO_BANK,11/15/2077 6:07,3524737->3524734,VITE22012077-284,389389315502,Vinoway (3324) 6395537995815432639,Crypto account (7) 757575985,Vinoway (3324),3343040.00,3343040.00,3343040.00,COMPLETED,,
TRANSFER_CRYPTO_TO_BANK,11/16/2077 6:07,3524725->3524733,VITE22012077-282,389389315601,Vinoway (3324) 6395537995815432639,Crypto account (7) 757575986,Vinoway (3324),3370000.00,3370000.00,3370000.00,COMPLETED,,
TRANSFER_CRYPTO_TO_BANK,11/17/2077 6:07,3524723->3524737,VITE22012077-281,389389315700,Vinoway (3324) 6395537995815432639,Crypto account (7) 757575987,Vinoway (3324),1481800.00,1481800.00,1481800.00,COMPLETED,,
TRANSFER_CRYPTO_TO_BANK,11/18/2077 6:07,3524754->3524743,VITE22012077-186,389389315799,Vinoway (3324) 6395537995815432639,Crypto account (7) 757575988,Vinoway (3324),674000.00,674000.00,674000.00,COMPLETED,,
TRANSFER_CRYPTO_TO_BANK,11/19/2077 6:07,3524755->3524744,VITE22012077-183,389389315898,Vinoway (3324) 6395537995815432639,Crypto account (7) 757575989,Vinoway (3324),1000510.00,1000510.00,1000510.00,COMPLETED,,
TRANSFER_CRYPTO_TO_BANK,11/20/2077 6:07,3524775->3524774,VITE22012077-297,389389315997,Vinoway (3324) 6395537995815432639,Crypto account (7) 757575990,Vinoway (3324),1011000.00,1011000.00,1011000.00,COMPLETED,,
TRANSFER_CRYPTO_TO_BANK,11/21/2077 6:07,3524773->3524775,VITE22012077-285,389389316096,Vinoway (3324) 6395537995815432639,Crypto account (7) 757575991,Vinoway (3324),1147500.00,1147500.00,1147500.00,COMPLETED,,
TRANSFER_CRYPTO_TO_BANK,11/22/2077 6:07,3524858->3524858,VITE31032077-xx3,389389316195,Vinoway (3324) 6395537995815432639,Crypto account (7) 757575992,Vinoway (3324),674000.00,674000.00,674000.00,COMPLETED,,
TRANSFER_CRYPTO_TO_BANK,11/23/2077 6:07,3524878->3524885,VITE31032077-xx2,389389316294,Vinoway (3324) 6395537995815432639,Crypto account (7) 757575993,Vinoway (3324),1315184.00,1315184.00,1315184.00,COMPLETED,,
TRANSFER_CRYPTO_TO_BANK,11/24/2077 6:07,3524883->3524883,VITE31032077-xx1,389389316393,Vinoway (3324) 6395537995815432639,Crypto account (7) 757575994,Vinoway (3324),1751400.00,1751400.00,1751400.00,COMPLETED,,
TRANSFER_MERCHANT_TO_BANK,11/25/2077 6:07,3525238->3525243,VITE22012077-500,389389316492,Vinoway (3324) 6395537995815432639,Crypto account (7) 757575995,Vinoway (3324),1666150.00,1666150.00,1666150.00,COMPLETED,,
TRANSFER_MERCHANT_TO_BANK,11/26/2077 6:07,3525523->3525527,VITE22012077-503,389389316591,Vinoway (3324) 6395537995815432639,Crypto account (7) 757575996,Vinoway (3324),1707401.00,1707401.00,1707401.00,COMPLETED,,
TRANSFER_MERCHANT_TO_BANK,11/27/2077 6:07,3525558->3525558,VITE22012077-506,389389316690,Vinoway (3324) 6395537995815432639,Crypto account (7) 757575997,Vinoway (3324),1617600.00,1617600.00,1617600.00,COMPLETED,,
TRANSFER_MERCHANT_TO_BANK,11/28/2077 6:07,3525533->3525532,VITE22012077-507,389389316789,Vinoway (3324) 6395537995815432639,Crypto account (7) 757575998,Vinoway (3324),1481800.00,1481800.00,1481800.00,COMPLETED,,
TRANSFER_MERCHANT_TO_BANK,11/29/2077 6:07,3525535->3525533,VITE22012077-508,389389316888,Vinoway (3324) 6395537995815432639,Crypto account (7) 757575999,Vinoway (3324),1493800.00,1493800.00,1493800.00,COMPLETED,,
TRANSFER_MERCHANT_TO_BANK,11/30/2077 6:07,3525534->3525535,VITE22012077-509,389389316987,Vinoway (3324) 6395537995815432639,Crypto account (7) 757576000,Vinoway (3324),680000.00,680000.00,680000.00,COMPLETED,,
TRANSFER_MERCHANT_TO_BANK,12/1/2077 6:07,3525533->3525537,VITE22012077-510,389389317086,Vinoway (3324) 6395537995815432639,Crypto account (7) 757576001,Vinoway (3324),1890000.00,1890000.00,1890000.00,COMPLETED,,
TRANSFER_MERCHANT_TO_BANK,12/2/2077 6:07,3525538->3525538,VITE22012077-511,389389317185,Vinoway (3324) 6395537995815432639,Crypto account (7) 757576002,Vinoway (3324),340875.00,340875.00,340875.00,COMPLETED,,
TRANSFER_MERCHANT_TO_BANK,12/3/2077 6:07,3525544->3525545,VITE22012077-514,389389317284,Vinoway (3324) 6395537995815432639,Crypto account (7) 757576003,Vinoway (3324),849161.00,849161.00,849161.00,COMPLETED,,
TRANSFER_MERCHANT_TO_BANK,12/4/2077 6:07,3525548->3525548,VITE22012077-516,389389317383,Vinoway (3324) 6395537995815432639,Crypto account (7) 757576004,Vinoway (3324),3731750.00,3731750.00,3731750.00,COMPLETED,,
TRANSFER_MERCHANT_TO_BANK,12/5/2077 6:07,3525555->3525553,VITE22012077-518,389389317482,Vinoway (3324) 6395537995815432639,Crypto account (7) 757576005,Vinoway (3324),676000.00,676000.00,676000.00,COMPLETED,,
TRANSFER_MERCHANT_TO_BANK,12/6/2077 6:07,3525554->3525555,VITE22012077-519,389389317581,Vinoway (3324) 6395537995815432639,Crypto account (7) 757576006,Vinoway (3324),1011000.00,1011000.00,1011000.00,COMPLETED,,
TRANSFER_MERCHANT_TO_BANK,12/7/2077 6:07,3525553->3525557,VITE22012077-520,389389317680,Vinoway (3324) 6395537995815432639,Crypto account (7) 757576007,Vinoway (3324),1388440.00,1388440.00,1388440.00,COMPLETED,,
TRANSFER_MERCHANT_TO_BANK,12/8/2077 6:07,3525533->3525535,VITE22012077-521,389389317779,Vinoway (3324) 6395537995815432639,Crypto account (7) 757576008,Vinoway (3324),680000.00,680000.00,680000.00,COMPLETED,,
TRANSFER_MERCHANT_TO_BANK,12/9/2077 6:07,3525534->3525535,VITE22012077-522,389389317878,Vinoway (3324) 6395537995815432639,Crypto account (7) 757576009,Vinoway (3324),1354000.00,1354000.00,1354000.00,COMPLETED,,
TRANSFER_MERCHANT_TO_BANK,12/10/2077 6:07,3525533->3525537,VITE22012077-523,389389317977,Vinoway (3324) 6395537995815432639,Crypto account (7) 757576010,Vinoway (3324),1617600.00,1617600.00,1617600.00,COMPLETED,,
TRANSFER_MERCHANT_TO_BANK,12/11/2077 6:07,3525538->3525538,VITE22012077-524,389389318076,Vinoway (3324) 6395537995815432639,Crypto account (7) 757576011,Vinoway (3324),181631.00,181631.00,181631.00,COMPLETED,,
TRANSFER_MERCHANT_TO_BANK,12/12/2077 6:07,3525573->3525572,VITE22012077-525,389389318175,Vinoway (3324) 6395537995815432639,Crypto account (7) 757576012,Vinoway (3324),1089400.00,1089400.00,1089400.00,COMPLETED,,
TRANSFER_MERCHANT_TO_BANK,12/13/2077 6:07,3525575->3525573,VITE22012077-526,389389318274,Vinoway (3324) 6395537995815432639,Crypto account (7) 757576013,Vinoway (3324),715671.00,715671.00,715671.00,COMPLETED,,
TRANSFER_MERCHANT_TO_BANK,12/14/2077 6:07,3525574->3525575,VITE22012077-527,389389318373,Vinoway (3324) 6395537995815432639,Crypto account (7) 757576014,Vinoway (3324),300000.00,300000.00,300000.00,COMPLETED,,
TRANSFER_MERCHANT_TO_BANK,12/15/2077 6:07,3525583->3525587,VITE22012077-530,389389318472,Vinoway (3324) 6395537995815432639,Crypto account (7) 757576015,Vinoway (3324),1383750.00,1383750.00,1383750.00,COMPLETED,,
TRANSFER_MERCHANT_TO_BANK,12/16/2077 6:07,3525588->3525588,VITE22012077-531,389389318571,Vinoway (3324) 6395537995815432639,Crypto account (7) 757576016,Vinoway (3324),1061671.00,1061671.00,1061671.00,COMPLETED,,
TRANSFER_MERCHANT_TO_BANK,12/17/2077 6:07,3525584->3525585,VITE22012077-533,389389318670,Vinoway (3324) 6395537995815432639,Crypto account (7) 757576017,Vinoway (3324),1381700.00,1381700.00,1381700.00,COMPLETED,,
TRANSFER_MERCHANT_TO_BANK,12/18/2077 6:07,3525583->3525587,VITE22012077-534,389389318769,Vinoway (3324) 6395537995815432639,Crypto account (7) 757576018,Vinoway (3324),483340.00,483340.00,483340.00,COMPLETED,,
TRANSFER_MERCHANT_TO_BANK,12/19/2077 6:07,3525323->3525322,VITE22012077-537,389389318868,Vinoway (3324) 6395537995815432639,Crypto account (7) 757576019,Vinoway (3324),500000.00,500000.00,500000.00,COMPLETED,,
TRANSFER_MERCHANT_TO_BANK,12/20/2077 6:07,3525325->3525323,VITE22012077-538,389389318967,Vinoway (3324) 6395537995815432639,Crypto account (7) 757576020,Vinoway (3324),1680000.00,1680000.00,1680000.00,COMPLETED,,
TRANSFER_MERCHANT_TO_BANK,12/21/2077 6:07,3525324->3525325,VITE22012077-539,389389319066,Vinoway (3324) 6395537995815432639,Crypto account (7) 757576021,Vinoway (3324),693915.00,693915.00,693915.00,COMPLETED,,
TRANSFER_MERCHANT_TO_BANK,12/22/2077 6:07,3525353->3525355,VITE22012077-541,389389319165,Vinoway (3324) 6395537995815432639,Crypto account (7) 757576022,Vinoway (3324),680000.00,680000.00,680000.00,COMPLETED,,
TRANSFER_MERCHANT_TO_BANK,12/23/2077 6:07,3525353->3525357,VITE22012077-542,389389319264,Vinoway (3324) 6395537995815432639,Crypto account (7) 757576023,Vinoway (3324),3037500.00,3037500.00,3037500.00,COMPLETED,,
TRANSFER_MERCHANT_TO_BANK,12/24/2077 6:07,3525348->3525353,VITE22012077-545,389389319363,Vinoway (3324) 6395537995815432639,Crypto account (7) 757576024,Vinoway (3324),1653750.00,1653750.00,1653750.00,COMPLETED,,
TRANSFER_MERCHANT_TO_BANK,12/25/2077 6:07,3525358->3525333,VITE22012077-546,389389319462,Vinoway (3324) 6395537995815432639,Crypto account (7) 757576025,Vinoway (3324),1078898.00,1078898.00,1078898.00,COMPLETED,,
TRANSFER_MERCHANT_TO_BANK,12/26/2077 6:07,3525333->3525337,VITE22012077-548,389389319561,Vinoway (3324) 6395537995815432639,Crypto account (7) 757576026,Vinoway (3324),1011500.00,1011500.00,1011500.00,COMPLETED,,
TRANSFER_MERCHANT_TO_BANK,12/27/2077 6:07,3525374->3525375,VITE22012077-551,389389319660,Vinoway (3324) 6395537995815432639,Crypto account (7) 757576027,Vinoway (3324),1610000.00,1610000.00,1610000.00,COMPLETED,,
TRANSFER_MERCHANT_TO_BANK,12/28/2077 6:07,3525388->3525388,VITE22012077-554,389389319759,Vinoway (3324) 6395537995815432639,Crypto account (7) 757576028,Vinoway (3324),698615.00,698615.00,698615.00,COMPLETED,,
TRANSFER_MERCHANT_TO_BANK,12/29/2077 6:07,3525425->3525423,VITE22012077-557,389389319858,Vinoway (3324) 6395537995815432639,Crypto account (7) 757576029,Vinoway (3324),1011000.00,1011000.00,1011000.00,COMPLETED,,
TRANSFER_MERCHANT_TO_BANK,12/30/2077 6:07,3525424->3525425,VITE22012077-558,389389319957,Vinoway (3324) 6395537995815432639,Crypto account (7) 757576030,Vinoway (3324),674000.00,674000.00,674000.00,COMPLETED,,
TRANSFER_MERCHANT_TO_BANK,12/31/2077 6:07,3525455->3525453,VITE22012077-560,389389320056,Vinoway (3324) 6395537995815432639,Crypto account (7) 757576031,Vinoway (3324),336500.00,336500.00,336500.00,COMPLETED,,
TRANSFER_MERCHANT_TO_BANK,1/1/2078 6:07,3525454->3525455,VITE22012077-561,389389320155,Vinoway (3324) 6395537995815432639,Crypto account (7) 757576032,Vinoway (3324),1081600.00,1081600.00,1081600.00,COMPLETED,,
TRANSFER_CRYPTO_TO_BANK,1/2/2078 6:07,3538588->3538325,VITE22012077-0056,389389320254,Vinoway (3324) 6395537995815432639,Crypto account (7) 757576033,Vinoway (3324),138500.00,138500.00,138500.00,COMPLETED,,
TRANSFER_CRYPTO_TO_BANK,1/3/2078 6:07,3538485->3538533,VITE22012077-0074,389389320353,Vinoway (3324) 6395537995815432639,Crypto account (7) 757576034,Vinoway (3324),304040.00,304040.00,304040.00,COMPLETED,,
TRANSFER_CRYPTO_TO_BANK,1/4/2078 6:07,3538742->3538752,VITE22012077-0091,389389320452,Vinoway (3324) 6395537995815432639,Crypto account (7) 757576035,Vinoway (3324),337000.00,337000.00,337000.00,COMPLETED,,
TRANSFER_CRYPTO_TO_BANK,1/5/2078 6:07,3523322->3523334,VITE22012077-211,389389320551,Vinoway (3324) 6395537995815432639,Crypto account (7) 757576036,Vinoway (3324),337000.00,337000.00,337000.00,COMPLETED,,
TRANSFER_CRYPTO_TO_BANK,1/6/2078 6:07,3523748->3523732,VITE22012077-220,389389320650,Vinoway (3324) 6395537995815432639,Crypto account (7) 757576037,Vinoway (3324),340000.00,340000.00,340000.00,COMPLETED,,
TRANSFER_MERCHANT_TO_BANK,1/7/2078 6:07,3525243->3525244,VITE22012077-502,389389320749,Vinoway (3324) 6395537995815432639,Crypto account (7) 757576038,Vinoway (3324),340000.00,340000.00,340000.00,COMPLETED,,
TRANSFER_CRYPTO_TO_BANK,1/8/2078 6:07,3523883->3523883,VITE22012077-234,389389320848,Vinoway (3324) 6395537995815432639,Crypto account (7) 757576039,Vinoway (3324),340000.00,340000.00,340000.00,COMPLETED,,
TRANSFER_CRYPTO_TO_BANK,1/9/2078 6:07,3525823->3525837,VITE22012077-170,389389320947,Vinoway (3324) 6395537995815432639,Crypto account (7) 757576040,Vinoway (3324),340000.00,340000.00,340000.00,COMPLETED,,
TRANSFER_CRYPTO_TO_BANK,1/10/2078 6:07,3538384->3538383,VITE22012077-0072,389389321046,Vinoway (3324) 6395537995815432639,Crypto account (7) 757576041,Vinoway (3324),348501.00,348501.00,348501.00,COMPLETED,,
TRANSFER_CRYPTO_TO_BANK,1/11/2078 6:07,3522837->3522835,VITE22012077-105,389389321145,Vinoway (3324) 6395537995815432639,Crypto account (7) 757576042,Vinoway (3324),351510.00,351510.00,351510.00,COMPLETED,,
TRANSFER_CRYPTO_TO_BANK,1/12/2078 6:07,3523882->3522338,VITE22012077-38,389389321244,Vinoway (3324) 6395537995815432639,Crypto account (7) 757576043,Vinoway (3324),351040.00,351040.00,351040.00,COMPLETED,,
TRANSFER_CRYPTO_TO_BANK,1/13/2078 6:07,3524353->3524373,VITE22012077-258,389389321343,Vinoway (3324) 6395537995815432639,Crypto account (7) 757576044,Vinoway (3324),351040.00,351040.00,351040.00,COMPLETED,,
TRANSFER_CRYPTO_TO_BANK,1/14/2078 6:07,3525822->3525828,VITE22012077-97,389389321442,Vinoway (3324) 6395537995815432639,Crypto account (7) 757576045,Vinoway (3324),371915.00,371915.00,371915.00,COMPLETED,,
TRANSFER_CRYPTO_TO_BANK,1/15/2078 6:07,3538334->3538352,VITE22012077-0029,389389321541,Vinoway (3324) 6395537995815432639,Crypto account (7) 757576046,Vinoway (3324),383400.00,383400.00,383400.00,COMPLETED,,
TRANSFER_CRYPTO_TO_BANK,1/16/2078 6:07,3538333->3538328,VITE22012077-0060,389389321640,Vinoway (3324) 6395537995815432639,Crypto account (7) 757576047,Vinoway (3324),404400.00,404400.00,404400.00,COMPLETED,,
TRANSFER_CRYPTO_TO_BANK,1/17/2078 6:07,3538387->3538383,VITE22012077-0075,389389321739,Vinoway (3324) 6395537995815432639,Crypto account (7) 757576048,Vinoway (3324),404400.00,404400.00,404400.00,COMPLETED,,
TRANSFER_CRYPTO_TO_BANK,1/18/2078 6:07,3525575->3525333,VITE22012077-144,389389321838,Vinoway (3324) 6395537995815432639,Crypto account (7) 757576049,Vinoway (3324),404400.00,404400.00,404400.00,COMPLETED,,
TRANSFER_CRYPTO_TO_BANK,1/19/2078 6:07,3525833->3525848,VITE22012077-181,389389321937,Vinoway (3324) 6395537995815432639,Crypto account (7) 757576050,Vinoway (3324),418500.00,418500.00,418500.00,COMPLETED,,
TRANSFER_CRYPTO_TO_BANK,1/20/2078 6:07,3525835->3525847,VITE22012077-181,389389322036,Vinoway (3324) 6395537995815432639,Crypto account (7) 757576051,Vinoway (3324),461718.00,461718.00,461718.00,COMPLETED,,
TRANSFER_CRYPTO_TO_BANK,1/21/2078 6:07,3523743->3523733,VITE22012077-218,389389322135,Vinoway (3324) 6395537995815432639,Crypto account (7) 757576052,Vinoway (3324),463100.00,463100.00,463100.00,COMPLETED,,
TRANSFER_CRYPTO_TO_BANK,1/22/2078 6:07,3524383->3524738,VITE22012077-298,389389322234,Vinoway (3324) 6395537995815432639,Crypto account (7) 757576053,Vinoway (3324),471500.00,471500.00,471500.00,COMPLETED,,
TRANSFER_MERCHANT_TO_BANK,1/23/2078 6:07,3525543->3525542,VITE22012077-512,389389322333,Vinoway (3324) 6395537995815432639,Crypto account (7) 757576054,Vinoway (3324),471500.00,471500.00,471500.00,COMPLETED,,
TRANSFER_CRYPTO_TO_BANK,1/24/2078 6:07,3522344->3522378,VITE22012077-52,389389322432,Vinoway (3324) 6395537995815432639,Crypto account (7) 757576055,Vinoway (3324),511140.00,511140.00,511140.00,COMPLETED,,
TRANSFER_MERCHANT_TO_BANK,1/25/2078 6:07,3525578->3525583,VITE22012077-529,389389322531,Vinoway (3324) 6395537995815432639,Crypto account (7) 757576056,Vinoway (3324),519844.00,519844.00,519844.00,COMPLETED,,
TRANSFER_MERCHANT_TO_BANK,1/26/2078 6:07,3525333->3525337,VITE22012077-544,389389322630,Vinoway (3324) 6395537995815432639,Crypto account (7) 757576057,Vinoway (3324),538400.00,538400.00,538400.00,COMPLETED,,
TRANSFER_CRYPTO_TO_BANK,1/27/2078 6:07,3522372->3522437,VITE22012077-63,389389322729,Vinoway (3324) 6395537995815432639,Crypto account (7) 757576058,Vinoway (3324),538400.00,538400.00,538400.00,COMPLETED,,
TRANSFER_CRYPTO_TO_BANK,1/28/2078 6:07,3522387->3522453,VITE22012077-79,389389322828,Vinoway (3324) 6395537995815432639,Crypto account (7) 757576059,Vinoway (3324),540000.00,540000.00,540000.00,COMPLETED,,
TRANSFER_CRYPTO_TO_BANK,1/29/2078 6:07,3522434->3522458,VITE22012077-83,389389322927,Vinoway (3324) 6395537995815432639,Crypto account (7) 757576060,Vinoway (3324),540000.00,540000.00,540000.00,COMPLETED,,
,,,,,,,,,,,,,
,,,,,,,TOTAL,366601636.35,,,,,
