,Type,Time,IDs,Order ID,Text,From,To,Merchant,Amount,Amount with Fee,Mentioned Amount,Status,,Beneficiary Name,Beneficiary Amount
0,TRANSFER_CRYPTO_TO_BANK,4/1/2077 6:07,3538833->3538853,VITE22012077-006,389389292930.0,Vinoway (3324) 6395537995815432639,Crypto account (7) 757575757,Vinoway (3324),341000.0,341000.0,341000.0,COMPLETED,,Adt,341000.0
1,TRANSFER_CRYPTO_TO_BANK,4/2/2077 6:07,3538838->3538855,VITE22012077-008,389389293029.0,Vinoway (3324) 6395537995815432639,Crypto account (7) 757575758,Vinoway (3324),4900000.0,4900000.0,4900000.0,COMPLETED,,eyat,4900000.0
2,TRANSFER_CRYPTO_TO_BANK,4/3/2077 6:07,3538823->3538853,VITE22012077-009,389389293128.0,Vinoway (3324) 6395537995815432639,Crypto account (7) 757575759,Vinoway (3324),4900000.0,4900000.0,4900000.0,COMPLETED,,ebe,4900000.0
3,TRANSFER_CRYPTO_TO_BANK,4/4/2077 6:07,3538338->3538353,VITE22012077-0012,389389293227.0,Vinoway (3324) 6395537995815432639,Crypto account (7) 757575760,Vinoway (3324),765104.0,765104.0,765104.0,COMPLETED,,Faen,765104.0
4,TRANSFER_CRYPTO_TO_BANK,4/5/2077 6:07,3538323->3538358,VITE22012077-0016,389389293326.0,Vinoway (3324) 6395537995815432639,Crypto account (7) 757575761,Vinoway (3324),104815.0,104815.0,104815.0,COMPLETED,,Jaju,104815.0
5,TRANSFER_CRYPTO_TO_BANK,4/6/2077 6:07,3538355->3538345,VITE22012077-0023,389389293425.0,Vinoway (3324) 6395537995815432639,Crypto account (7) 757575762,Vinoway (3324),1113750.0,1113750.0,1113750.0,COMPLETED,,ebe,1113750.0
6,TRANSFER_CRYPTO_TO_BANK,4/7/2077 6:07,3538335->3538353,VITE22012077-0027,389389293524.0,Vinoway (3324) 6395537995815432639,Crypto account (7) 757575763,Vinoway (3324),680000.0,680000.0,680000.0,COMPLETED,,Udlantina,680000.0
7,TRANSFER_CRYPTO_TO_BANK,4/8/2077 6:07,3538333->3538353,VITE22012077-0028,389389293623.0,Vinoway (3324) 6395537995815432639,Crypto account (7) 757575764,Vinoway (3324),1500000.0,1500000.0,1500000.0,COMPLETED,,Wa.,1500000.0
8,TRANSFER_CRYPTO_TO_BANK,4/9/2077 6:07,3538338->3538355,VITE22012077-0032,389389293722.0,Vinoway (3324) 6395537995815432639,Crypto account (7) 757575765,Vinoway (3324),3118500.0,3118500.0,3118500.0,COMPLETED,,Fa,3118500.0
9,TRANSFER_CRYPTO_TO_BANK,4/10/2077 6:07,3538343->3538357,VITE22012077-0033,389389293821.0,Vinoway (3324) 6395537995815432639,Crypto account (7) 757575766,Vinoway (3324),1700000.0,1700000.0,1700000.0,COMPLETED,,deya,1700000.0
10,TRANSFER_CRYPTO_TO_BANK,4/11/2077 6:07,3538345->3538353,VITE22012077-0034,389389293920.0,Vinoway (3324) 6395537995815432639,Crypto account (7) 757575767,Vinoway (3324),1501100.0,1501100.0,1501100.0,COMPLETED,,Ab,1501100.0
11,TRANSFER_CRYPTO_TO_BANK,4/12/2077 6:07,3538383->3538384,VITE22012077-0042,389389294019.0,Vinoway (3324) 6395537995815432639,Crypto account (7) 757575768,Vinoway (3324),943600.0,943600.0,943600.0,COMPLETED,,.aen.,943600.0
12,TRANSFER_CRYPTO_TO_BANK,4/13/2077 6:07,3538538->3538577,VITE22012077-0015,389389294118.0,Vinoway (3324) 6395537995815432639,Crypto account (7) 757575769,Vinoway (3324),698615.0,698615.0,698615.0,COMPLETED,,Ma,698615.0
13,TRANSFER_CRYPTO_TO_BANK,4/14/2077 6:07,3538573->3538583,VITE22012077-0019-1,389389294217.0,Vinoway (3324) 6395537995815432639,Crypto account (7) 757575770,Vinoway (3324),1000000.0,1000000.0,1000000.0,COMPLETED,,Grc,1000000.0
14,TRANSFER_CRYPTO_TO_BANK,4/15/2077 6:07,3538578->3538583,VITE22012077-0041,389389294316.0,Vinoway (3324) 6395537995815432639,Crypto account (7) 757575771,Vinoway (3324),1836400.0,1836400.0,1836400.0,COMPLETED,,Ranwi,1836400.0
15,TRANSFER_CRYPTO_TO_BANK,4/16/2077 6:07,3538578->3538333,VITE22012077-0043,389389294415.0,Vinoway (3324) 6395537995815432639,Crypto account (7) 757575772,Vinoway (3324),1019375.0,1019375.0,1019375.0,COMPLETED,,Kau k,1019375.0
16,TRANSFER_CRYPTO_TO_BANK,4/17/2077 6:07,3538583->3538333,VITE22012077-0045,389389294514.0,Vinoway (3324) 6395537995815432639,Crypto account (7) 757575773,Vinoway (3324),1105360.0,1105360.0,1105360.0,COMPLETED,,TMIA,1105360.0
17,TRANSFER_CRYPTO_TO_BANK,4/18/2077 6:07,3538588->3538338,VITE22012077-0050,389389294613.0,Vinoway (3324) 6395537995815432639,Crypto account (7) 757575774,Vinoway (3324),1089400.0,1089400.0,1089400.0,COMPLETED,,eby,1089400.0
18,TRANSFER_CRYPTO_TO_BANK,4/19/2077 6:07,3538588->3538323,VITE22012077-0051,389389294712.0,Vinoway (3324) 6395537995815432639,Crypto account (7) 757575775,Vinoway (3324),856991.0,856991.0,856991.0,COMPLETED,,emanda,856991.0
19,TRANSFER_CRYPTO_TO_BANK,4/20/2077 6:07,3538583->3538325,VITE22012077-0053,389389294811.0,Vinoway (3324) 6395537995815432639,Crypto account (7) 757575776,Vinoway (3324),1095491.0,1095491.0,1095491.0,COMPLETED,,Kusada,1095491.0
20,TRANSFER_CRYPTO_TO_BANK,4/21/2077 6:07,3538588->3538324,VITE22012077-0057,389389294910.0,Vinoway (3324) 6395537995815432639,Crypto account (7) 757575777,Vinoway (3324),1360000.0,1360000.0,1360000.0,COMPLETED,,Cheya,1360000.0
21,TRANSFER_CRYPTO_TO_BANK,4/22/2077 6:07,3538335->3538328,VITE22012077-0059,389389295009.0,Vinoway (3324) 6395537995815432639,Crypto account (7) 757575778,Vinoway (3324),604415.0,604415.0,604415.0,COMPLETED,,Shail,604415.0
22,TRANSFER_CRYPTO_TO_BANK,4/23/2077 6:07,3538332->3538327,VITE22012077-0058,389389295108.0,Vinoway (3324) 6395537995815432639,Crypto account (7) 757575779,Vinoway (3324),3016190.0,3016190.0,3016190.0,COMPLETED,,Wila,3016190.0
23,TRANSFER_CRYPTO_TO_BANK,4/24/2077 6:07,3538338->3538353,VITE22012077-0064,389389295207.0,Vinoway (3324) 6395537995815432639,Crypto account (7) 757575780,Vinoway (3324),488700.0,488700.0,488700.0,COMPLETED,,Adt,488700.0
24,TRANSFER_CRYPTO_TO_BANK,4/25/2077 6:07,3538355->3538358,VITE22012077-0062,389389295306.0,Vinoway (3324) 6395537995815432639,Crypto account (7) 757575781,Vinoway (3324),1360000.0,1360000.0,1360000.0,COMPLETED,,Abela Rafiu,1360000.0
25,TRANSFER_CRYPTO_TO_BANK,4/26/2077 6:07,3538354->3538332,VITE22012077-0065,389389295405.0,Vinoway (3324) 6395537995815432639,Crypto account (7) 757575782,Vinoway (3324),1364000.0,1364000.0,1364000.0,COMPLETED,,Yu Adataye,1364000.0
26,TRANSFER_CRYPTO_TO_BANK,4/27/2077 6:07,3538353->3538333,VITE22012077-0063,389389295504.0,Vinoway (3324) 6395537995815432639,Crypto account (7) 757575783,Vinoway (3324),1971980.0,1971980.0,1971980.0,COMPLETED,,Meaji dada,1971980.0
27,TRANSFER_CRYPTO_TO_BANK,4/28/2077 6:07,3538355->3538333,VITE22012077-0066,389389295603.0,Vinoway (3324) 6395537995815432639,Crypto account (7) 757575784,Vinoway (3324),676000.0,676000.0,676000.0,COMPLETED,,Ud,676000.0
28,TRANSFER_CRYPTO_TO_BANK,4/29/2077 6:07,3538353->3538335,VITE22012077-0068,389389295702.0,Vinoway (3324) 6395537995815432639,Crypto account (7) 757575785,Vinoway (3324),984550.0,984550.0,984550.0,COMPLETED,,Ma,984550.0
29,TRANSFER_CRYPTO_TO_BANK,4/30/2077 6:07,3538357->3538334,VITE22012077-0069,389389295801.0,Vinoway (3324) 6395537995815432639,Crypto account (7) 757575786,Vinoway (3324),1651000.0,1651000.0,1651000.0,COMPLETED,,AL,1651000.0
30,TRANSFER_CRYPTO_TO_BANK,5/1/2077 6:07,3538383->3538388,VITE22012077-0070,389389295900.0,Vinoway (3324) 6395537995815432639,Crypto account (7) 757575787,Vinoway (3324),1505150.0,1505150.0,1505150.0,COMPLETED,,arhnelegias,1505150.0
31,TRANSFER_CRYPTO_TO_BANK,5/2/2077 6:07,3538385->3538385,VITE22012077-0073,389389295999.0,Vinoway (3324) 6395537995815432639,Crypto account (7) 757575788,Vinoway (3324),966600.0,966600.0,966600.0,COMPLETED,,DAa,966600.0
32,TRANSFER_CRYPTO_TO_BANK,5/3/2077 6:07,3538483->3538535,VITE22012077-0077,389389296098.0,Vinoway (3324) 6395537995815432639,Crypto account (7) 757575789,Vinoway (3324),680000.0,680000.0,680000.0,COMPLETED,,ebe,680000.0
33,TRANSFER_CRYPTO_TO_BANK,5/4/2077 6:07,3538487->3538538,VITE22012077-0078,389389296197.0,Vinoway (3324) 6395537995815432639,Crypto account (7) 757575790,Vinoway (3324),676000.0,676000.0,676000.0,COMPLETED,,eyhewela,676000.0
34,TRANSFER_CRYPTO_TO_BANK,5/5/2077 6:07,3538488->3538523,VITE22012077-0079,389389296296.0,Vinoway (3324) 6395537995815432639,Crypto account (7) 757575791,Vinoway (3324),1000000.0,1000000.0,1000000.0,COMPLETED,,la,1000000.0
35,TRANSFER_CRYPTO_TO_BANK,5/6/2077 6:07,3538488->3538522,VITE22012077-0080,389389296395.0,Vinoway (3324) 6395537995815432639,Crypto account (7) 757575792,Vinoway (3324),1500000.0,1500000.0,1500000.0,COMPLETED,,Ads,1500000.0
36,TRANSFER_CRYPTO_TO_BANK,5/7/2077 6:07,3538532->3538523,VITE22012077-0082,389389296494.0,Vinoway (3324) 6395537995815432639,Crypto account (7) 757575793,Vinoway (3324),680000.0,680000.0,680000.0,COMPLETED,,Bawala,680000.0
37,TRANSFER_CRYPTO_TO_BANK,5/8/2077 6:07,3538533->3538525,VITE22012077-0081,389389296593.0,Vinoway (3324) 6395537995815432639,Crypto account (7) 757575794,Vinoway (3324),1195000.0,1195000.0,1195000.0,COMPLETED,,egtanlay ,1195000.0
38,TRANSFER_CRYPTO_TO_BANK,5/9/2077 6:07,3538534->3538525,VITE22012077-0084,389389296692.0,Vinoway (3324) 6395537995815432639,Crypto account (7) 757575795,Vinoway (3324),1410000.0,1410000.0,1410000.0,COMPLETED,,eLatite,1410000.0
39,TRANSFER_CRYPTO_TO_BANK,5/10/2077 6:07,3538535->3538524,VITE22012077-0083,389389296791.0,Vinoway (3324) 6395537995815432639,Crypto account (7) 757575796,Vinoway (3324),4580000.0,4580000.0,4580000.0,COMPLETED,,Haa,4580000.0
40,TRANSFER_CRYPTO_TO_BANK,5/11/2077 6:07,3538743->3538753,VITE22012077-0090,389389296890.0,Vinoway (3324) 6395537995815432639,Crypto account (7) 757575797,Vinoway (3324),607500.0,607500.0,607500.0,COMPLETED,,Udlantina,607500.0
41,TRANSFER_CRYPTO_TO_BANK,5/12/2077 6:07,3538743->3538755,VITE22012077-0092,389389296989.0,Vinoway (3324) 6395537995815432639,Crypto account (7) 757575798,Vinoway (3324),993710.0,993710.0,993710.0,COMPLETED,,eMeLA,993710.0
42,TRANSFER_CRYPTO_TO_BANK,5/13/2077 6:07,3538743->3538754,VITE22012077-0095,389389297088.0,Vinoway (3324) 6395537995815432639,Crypto account (7) 757575799,Vinoway (3324),389475.0,389475.0,389475.0,COMPLETED,,Feiaun,389475.0
43,TRANSFER_CRYPTO_TO_BANK,5/14/2077 6:07,3538747->3538755,VITE22012077-0096,389389297187.0,Vinoway (3324) 6395537995815432639,Crypto account (7) 757575800,Vinoway (3324),398150.0,398150.0,398150.0,COMPLETED,,Buka ha,398150.0
44,TRANSFER_CRYPTO_TO_BANK,5/15/2077 6:07,3538748->3538753,VITE22012077-0098,389389297286.0,Vinoway (3324) 6395537995815432639,Crypto account (7) 757575801,Vinoway (3324),1717100.0,1717100.0,1717100.0,COMPLETED,,ada,1717100.0
45,TRANSFER_CRYPTO_TO_BANK,5/16/2077 6:07,3538858->3538845,VITE22012077-0099,389389297385.0,Vinoway (3324) 6395537995815432639,Crypto account (7) 757575802,Vinoway (3324),674000.0,674000.0,674000.0,COMPLETED,,Kau k,674000.0
46,TRANSFER_CRYPTO_TO_BANK,5/17/2077 6:07,3538833->3538844,VITE22012077-00100,389389297484.0,Vinoway (3324) 6395537995815432639,Crypto account (7) 757575803,Vinoway (3324),1776880.0,1776880.0,1776880.0,COMPLETED,,MaA,1776880.0
47,TRANSFER_CRYPTO_TO_BANK,5/18/2077 6:07,3538835->3538847,VITE22012077-00103,389389297583.0,Vinoway (3324) 6395537995815432639,Crypto account (7) 757575804,Vinoway (3324),676101.8,676101.8,676101.8,COMPLETED,,eyi,676101.8
48,TRANSFER_CRYPTO_TO_BANK,5/19/2077 6:07,3538837->3538853,VITE22012077-02201,389389297682.0,Vinoway (3324) 6395537995815432639,Crypto account (7) 757575805,Vinoway (3324),730616.0,730616.0,730616.0,COMPLETED,,Gaerunse,730616.0
49,TRANSFER_CRYPTO_TO_BANK,5/20/2077 6:07,3538838->3538848,VITE22012077-00105,389389297781.0,Vinoway (3324) 6395537995815432639,Crypto account (7) 757575806,Vinoway (3324),1419600.0,1419600.0,1419600.0,COMPLETED,,ABAIWe,1419600.0
50,TRANSFER_CRYPTO_TO_BANK,5/21/2077 6:07,3538838->3538873,VITE22012077-00114,389389297880.0,Vinoway (3324) 6395537995815432639,Crypto account (7) 757575807,Vinoway (3324),1700000.0,1700000.0,1700000.0,COMPLETED,,Seman,1700000.0
51,TRANSFER_CRYPTO_TO_BANK,5/22/2077 6:07,3538838->3538877,VITE22012077-00116,389389297979.0,Vinoway (3324) 6395537995815432639,Crypto account (7) 757575808,Vinoway (3324),500000.0,500000.0,500000.0,COMPLETED,,Feadala,500000.0
52,TRANSFER_CRYPTO_TO_BANK,5/23/2077 6:07,3523333->3523343,VITE22012077-00108,389389298078.0,Vinoway (3324) 6395537995815432639,Crypto account (7) 757575809,Vinoway (3324),1500000.0,1500000.0,1500000.0,COMPLETED,,ChIzegia,1500000.0
53,TRANSFER_CRYPTO_TO_BANK,5/24/2077 6:07,3523337->3523344,VITE22012077-00109,389389298177.0,Vinoway (3324) 6395537995815432639,Crypto account (7) 757575810,Vinoway (3324),349650.0,349650.0,349650.0,COMPLETED,,Chnela,349650.0
54,TRANSFER_CRYPTO_TO_BANK,5/25/2077 6:07,3523338->3523343,VITE22012077-00110,389389298276.0,Vinoway (3324) 6395537995815432639,Crypto account (7) 757575811,Vinoway (3324),586470.0,586470.0,586470.0,COMPLETED,,Yud,586470.0
55,TRANSFER_CRYPTO_TO_BANK,5/26/2077 6:07,3523528->3523558,VITE22012077-3,389389298375.0,Vinoway (3324) 6395537995815432639,Crypto account (7) 757575812,Vinoway (3324),1015000.0,1015000.0,1015000.0,COMPLETED,,Faen,1015000.0
56,TRANSFER_CRYPTO_TO_BANK,5/27/2077 6:07,3523534->3523533,VITE22012077-11,389389298474.0,Vinoway (3324) 6395537995815432639,Crypto account (7) 757575813,Vinoway (3324),491856.0,491856.0,491856.0,COMPLETED,,juturas,491856.0
57,TRANSFER_CRYPTO_TO_BANK,5/28/2077 6:07,3523537->3523538,VITE22012077-25,389389298573.0,Vinoway (3324) 6395537995815432639,Crypto account (7) 757575814,Vinoway (3324),1770875.0,1770875.0,1770875.0,COMPLETED,,elluwatebi ,1770875.0
58,TRANSFER_CRYPTO_TO_BANK,5/29/2077 6:07,3523847->3523834,VITE22012077-6,389389298672.0,Vinoway (3324) 6395537995815432639,Crypto account (7) 757575815,Vinoway (3324),1000735.0,1000735.0,1000735.0,COMPLETED,,AL,1000735.0
59,TRANSFER_CRYPTO_TO_BANK,5/30/2077 6:07,3523848->3523833,VITE22012077-8,389389298771.0,Vinoway (3324) 6395537995815432639,Crypto account (7) 757575816,Vinoway (3324),4105760.0,4105760.0,4105760.0,COMPLETED,,Aiwaju,4105760.0
60,TRANSFER_CRYPTO_TO_BANK,5/31/2077 6:07,3523852->3523872,VITE22012077-10,389389298870.0,Vinoway (3324) 6395537995815432639,Crypto account (7) 757575817,Vinoway (3324),607500.0,607500.0,607500.0,COMPLETED,,emltd,607500.0
61,TRANSFER_CRYPTO_TO_BANK,6/1/2077 6:07,3523854->3523878,VITE22012077-14,389389298969.0,Vinoway (3324) 6395537995815432639,Crypto account (7) 757575818,Vinoway (3324),337500.0,337500.0,337500.0,COMPLETED,,Gba,337500.0
62,TRANSFER_CRYPTO_TO_BANK,6/2/2077 6:07,3523858->3523885,VITE22012077-17,389389299068.0,Vinoway (3324) 6395537995815432639,Crypto account (7) 757575819,Vinoway (3324),1011000.0,1011000.0,1011000.0,COMPLETED,,Yun,1011000.0
63,TRANSFER_CRYPTO_TO_BANK,6/3/2077 6:07,3523833->3523887,VITE22012077-18,389389299167.0,Vinoway (3324) 6395537995815432639,Crypto account (7) 757575820,Vinoway (3324),691900.0,691900.0,691900.0,COMPLETED,,Kitapha,691900.0
64,TRANSFER_CRYPTO_TO_BANK,6/4/2077 6:07,3523832->3523884,VITE22012077-19,389389299266.0,Vinoway (3324) 6395537995815432639,Crypto account (7) 757575821,Vinoway (3324),405000.0,405000.0,405000.0,COMPLETED,,Ajala,405000.0
65,TRANSFER_CRYPTO_TO_BANK,6/5/2077 6:07,3523837->3523888,VITE22012077-23,389389299365.0,Vinoway (3324) 6395537995815432639,Crypto account (7) 757575822,Vinoway (3324),337500.0,337500.0,337500.0,COMPLETED,,Asala,337500.0
66,TRANSFER_CRYPTO_TO_BANK,6/6/2077 6:07,3523875->3522333,VITE22012077-27,389389299464.0,Vinoway (3324) 6395537995815432639,Crypto account (7) 757575823,Vinoway (3324),1700000.0,1700000.0,1700000.0,COMPLETED,,juturas,1700000.0
67,TRANSFER_CRYPTO_TO_BANK,6/7/2077 6:07,3523874->3523888,VITE22012077-29,389389299563.0,Vinoway (3324) 6395537995815432639,Crypto account (7) 757575824,Vinoway (3324),696180.0,696180.0,696180.0,COMPLETED,,MaFadeju,696180.0
68,TRANSFER_CRYPTO_TO_BANK,6/8/2077 6:07,3523875->3522333,VITE22012077-30,389389299662.0,Vinoway (3324) 6395537995815432639,Crypto account (7) 757575825,Vinoway (3324),1979610.0,1979610.0,1979610.0,COMPLETED,,Me Sens,1979610.0
69,TRANSFER_CRYPTO_TO_BANK,6/9/2077 6:07,3523883->3522333,VITE22012077-31,389389299761.0,Vinoway (3324) 6395537995815432639,Crypto account (7) 757575826,Vinoway (3324),1565744.0,1565744.0,1565744.0,COMPLETED,,Jila,1565744.0
70,TRANSFER_CRYPTO_TO_BANK,6/10/2077 6:07,3523885->3522335,VITE22012077-33,389389299860.0,Vinoway (3324) 6395537995815432639,Crypto account (7) 757575827,Vinoway (3324),401800.0,401800.0,401800.0,COMPLETED,,Mr ela,401800.0
71,TRANSFER_CRYPTO_TO_BANK,6/11/2077 6:07,3523882->3522334,VITE22012077-32,389389299959.0,Vinoway (3324) 6395537995815432639,Crypto account (7) 757575828,Vinoway (3324),1319615.0,1319615.0,1319615.0,COMPLETED,,ni isidianu,1319615.0
72,TRANSFER_CRYPTO_TO_BANK,6/12/2077 6:07,3523883->3522337,VITE22012077-34,389389300058.0,Vinoway (3324) 6395537995815432639,Crypto account (7) 757575829,Vinoway (3324),696956.0,696956.0,696956.0,COMPLETED,,ADaKa,696956.0
73,TRANSFER_CRYPTO_TO_BANK,6/13/2077 6:07,3522352->3522335,VITE22012077-9,389389300157.0,Vinoway (3324) 6395537995815432639,Crypto account (7) 757575830,Vinoway (3324),337500.0,337500.0,337500.0,COMPLETED,,ellay,337500.0
74,TRANSFER_CRYPTO_TO_BANK,6/14/2077 6:07,3522355->3522338,VITE22012077-21,389389300256.0,Vinoway (3324) 6395537995815432639,Crypto account (7) 757575831,Vinoway (3324),1150000.0,1150000.0,1150000.0,COMPLETED,,Shail,1150000.0
75,TRANSFER_CRYPTO_TO_BANK,6/15/2077 6:07,3522354->3522353,VITE22012077-36,389389300355.0,Vinoway (3324) 6395537995815432639,Crypto account (7) 757575832,Vinoway (3324),1500000.0,1500000.0,1500000.0,COMPLETED,,Ms,1500000.0
76,TRANSFER_CRYPTO_TO_BANK,6/16/2077 6:07,3522358->3522355,VITE22012077-42,389389300454.0,Vinoway (3324) 6395537995815432639,Crypto account (7) 757575833,Vinoway (3324),351000.0,351000.0,351000.0,COMPLETED,,ada,351000.0
77,TRANSFER_CRYPTO_TO_BANK,6/17/2077 6:07,3522333->3522333,VITE22012077-43,389389300553.0,Vinoway (3324) 6395537995815432639,Crypto account (7) 757575834,Vinoway (3324),193913.0,193913.0,193913.0,COMPLETED,,Aiwaju,193913.0
78,TRANSFER_CRYPTO_TO_BANK,6/18/2077 6:07,3522332->3522333,VITE22012077-44,389389300652.0,Vinoway (3324) 6395537995815432639,Crypto account (7) 757575835,Vinoway (3324),1351000.0,1351000.0,1351000.0,COMPLETED,,elas,1351000.0
79,TRANSFER_CRYPTO_TO_BANK,6/19/2077 6:07,3522334->3522334,VITE22012077-45,389389300751.0,Vinoway (3324) 6395537995815432639,Crypto account (7) 757575836,Vinoway (3324),1194750.0,1194750.0,1194750.0,COMPLETED,,L g,1194750.0
80,TRANSFER_CRYPTO_TO_BANK,6/20/2077 6:07,3522333->3522335,VITE22012077-46,389389300850.0,Vinoway (3324) 6395537995815432639,Crypto account (7) 757575837,Vinoway (3324),3091500.0,3091500.0,3091500.0,COMPLETED,,Meaji,3091500.0
81,TRANSFER_CRYPTO_TO_BANK,6/21/2077 6:07,3522338->3522335,VITE22012077-48,389389300949.0,Vinoway (3324) 6395537995815432639,Crypto account (7) 757575838,Vinoway (3324),371150.0,371150.0,371150.0,COMPLETED,,elunjeya,371150.0
82,TRANSFER_CRYPTO_TO_BANK,6/22/2077 6:07,3522343->3522373,VITE22012077-49,389389301048.0,Vinoway (3324) 6395537995815432639,Crypto account (7) 757575839,Vinoway (3324),578000.0,578000.0,578000.0,COMPLETED,,.aen.,578000.0
83,TRANSFER_CRYPTO_TO_BANK,6/23/2077 6:07,3522345->3522373,VITE22012077-51,389389301147.0,Vinoway (3324) 6395537995815432639,Crypto account (7) 757575840,Vinoway (3324),988400.0,988400.0,988400.0,COMPLETED,,eZa MIC,988400.0
84,TRANSFER_CRYPTO_TO_BANK,6/24/2077 6:07,3522358->3522385,VITE22012077-57,389389301246.0,Vinoway (3324) 6395537995815432639,Crypto account (7) 757575841,Vinoway (3324),1141100.0,1141100.0,1141100.0,COMPLETED,,ebe,1141100.0
85,TRANSFER_CRYPTO_TO_BANK,6/25/2077 6:07,3522333->3522433,VITE22012077-60,389389301345.0,Vinoway (3324) 6395537995815432639,Crypto account (7) 757575842,Vinoway (3324),168740.0,168740.0,168740.0,COMPLETED,,aleyi,168740.0
86,TRANSFER_CRYPTO_TO_BANK,6/26/2077 6:07,3522338->3522432,VITE22012077-62,389389301444.0,Vinoway (3324) 6395537995815432639,Crypto account (7) 757575843,Vinoway (3324),1360000.0,1360000.0,1360000.0,COMPLETED,,NOT RECONCILED,
87,TRANSFER_CRYPTO_TO_BANK,6/27/2077 6:07,3522374->3522425,VITE22012077-65,389389301543.0,Vinoway (3324) 6395537995815432639,Crypto account (7) 757575844,Vinoway (3324),818900.0,818900.0,818900.0,COMPLETED,,Sakan,818900.0
88,TRANSFER_CRYPTO_TO_BANK,6/28/2077 6:07,3522378->3522423,VITE22012077-69,389389301642.0,Vinoway (3324) 6395537995815432639,Crypto account (7) 757575845,Vinoway (3324),1553175.0,1553175.0,1553175.0,COMPLETED,,Me,1553175.0
89,TRANSFER_CRYPTO_TO_BANK,6/29/2077 6:07,3522383->3522424,VITE22012077-71,389389301741.0,Vinoway (3324) 6395537995815432639,Crypto account (7) 757575846,Vinoway (3324),1366000.0,1366000.0,1366000.0,COMPLETED,,ADAa PeP,1366000.0
90,TRANSFER_CRYPTO_TO_BANK,6/30/2077 6:07,3522384->3522425,VITE22012077-72,389389301840.0,Vinoway (3324) 6395537995815432639,Crypto account (7) 757575847,Vinoway (3324),671000.0,671000.0,671000.0,COMPLETED,,AJDa,671000.0
91,TRANSFER_CRYPTO_TO_BANK,7/1/2077 6:07,3522388->3522453,VITE22012077-74,389389301939.0,Vinoway (3324) 6395537995815432639,Crypto account (7) 757575848,Vinoway (3324),1761000.0,1761000.0,1761000.0,COMPLETED,,MAing,1761000.0
92,TRANSFER_CRYPTO_TO_BANK,7/2/2077 6:07,3522388->3522428,VITE22012077-75,389389302038.0,Vinoway (3324) 6395537995815432639,Crypto account (7) 757575849,Vinoway (3324),4948000.0,4948000.0,4948000.0,COMPLETED,,ewaudaan,4948000.0
93,TRANSFER_CRYPTO_TO_BANK,7/3/2077 6:07,3522384->3522455,VITE22012077-77,389389302137.0,Vinoway (3324) 6395537995815432639,Crypto account (7) 757575850,Vinoway (3324),1017010.0,1017010.0,1017010.0,COMPLETED,,Iseela,1017010.0
94,TRANSFER_CRYPTO_TO_BANK,7/4/2077 6:07,3522385->3522452,VITE22012077-78,389389302236.0,Vinoway (3324) 6395537995815432639,Crypto account (7) 757575851,Vinoway (3324),1113750.0,1113750.0,1113750.0,COMPLETED,,enam,1113750.0
95,TRANSFER_CRYPTO_TO_BANK,7/5/2077 6:07,3522435->3522458,VITE22012077-84,389389302335.0,Vinoway (3324) 6395537995815432639,Crypto account (7) 757575852,Vinoway (3324),1713800.0,1713800.0,1713800.0,COMPLETED,,BAa,1713800.0
96,TRANSFER_CRYPTO_TO_BANK,7/6/2077 6:07,3522433->3522457,VITE22012077-85,389389302434.0,Vinoway (3324) 6395537995815432639,Crypto account (7) 757575853,Vinoway (3324),1583900.0,1583900.0,1583900.0,COMPLETED,,Phayame,1583900.0
97,TRANSFER_CRYPTO_TO_BANK,7/7/2077 6:07,3522438->3522433,VITE22012077-86,389389302533.0,Vinoway (3324) 6395537995815432639,Crypto account (7) 757575854,Vinoway (3324),3046700.0,3046700.0,3046700.0,COMPLETED,,Niani,3046700.0
98,TRANSFER_CRYPTO_TO_BANK,7/8/2077 6:07,3522422->3522435,VITE22012077-88,389389302632.0,Vinoway (3324) 6395537995815432639,Crypto account (7) 757575855,Vinoway (3324),630708.0,630708.0,630708.0,COMPLETED,,ekbekwa,630708.0
99,TRANSFER_CRYPTO_TO_BANK,7/9/2077 6:07,3522443->3522458,VITE22012077-59,389389302731.0,Vinoway (3324) 6395537995815432639,Crypto account (7) 757575856,Vinoway (3324),1098094.0,1098094.0,1098094.0,COMPLETED,,Turnatienal,1098094.0
100,TRANSFER_CRYPTO_TO_BANK,7/10/2077 6:07,3522452->3522435,VITE22012077-68,389389302830.0,Vinoway (3324) 6395537995815432639,Crypto account (7) 757575857,Vinoway (3324),1540090.0,1540090.0,1540090.0,COMPLETED,,Memilaye,1540090.0
101,TRANSFER_CRYPTO_TO_BANK,7/11/2077 6:07,3522453->3522433,VITE22012077-73,389389302929.0,Vinoway (3324) 6395537995815432639,Crypto account (7) 757575858,Vinoway (3324),1359000.0,1359000.0,1359000.0,COMPLETED,,Ya ,1359000.0
102,TRANSFER_CRYPTO_TO_BANK,7/12/2077 6:07,3522553->3522557,VITE22012077-90,389389303028.0,Vinoway (3324) 6395537995815432639,Crypto account (7) 757575859,Vinoway (3324),516375.0,516375.0,516375.0,COMPLETED,,Meaji,516375.0
103,TRANSFER_CRYPTO_TO_BANK,7/13/2077 6:07,3522552->3522558,VITE22012077-91,389389303127.0,Vinoway (3324) 6395537995815432639,Crypto account (7) 757575860,Vinoway (3324),1014480.0,1014480.0,1014480.0,COMPLETED,,juturas,1014480.0
104,TRANSFER_CRYPTO_TO_BANK,7/14/2077 6:07,3522555->3522532,VITE22012077-95,389389303226.0,Vinoway (3324) 6395537995815432639,Crypto account (7) 757575861,Vinoway (3324),1500000.0,1500000.0,1500000.0,COMPLETED,,Kei e,1500000.0
105,TRANSFER_CRYPTO_TO_BANK,7/15/2077 6:07,3522885->3522888,VITE22012077-37,389389303325.0,Vinoway (3324) 6395537995815432639,Crypto account (7) 757575862,Vinoway (3324),1111466.0,1111466.0,1111466.0,COMPLETED,,Jila,1111466.0
106,TRANSFER_CRYPTO_TO_BANK,7/16/2077 6:07,3522885->3522838,VITE22012077-96,389389303424.0,Vinoway (3324) 6395537995815432639,Crypto account (7) 757575863,Vinoway (3324),1011500.0,1011500.0,1011500.0,COMPLETED,,Ranwi,1011500.0
107,TRANSFER_CRYPTO_TO_BANK,7/17/2077 6:07,3522887->3522828,VITE22012077-98,389389303523.0,Vinoway (3324) 6395537995815432639,Crypto account (7) 757575864,Vinoway (3324),1361500.0,1361500.0,1361500.0,COMPLETED,,Faen hema,1361500.0
108,TRANSFER_CRYPTO_TO_BANK,7/18/2077 6:07,3522888->3522853,VITE22012077-99,389389303622.0,Vinoway (3324) 6395537995815432639,Crypto account (7) 757575865,Vinoway (3324),631475.0,631475.0,631475.0,COMPLETED,,al,631475.0
109,TRANSFER_CRYPTO_TO_BANK,7/19/2077 6:07,3522833->3522853,VITE22012077-100,389389303721.0,Vinoway (3324) 6395537995815432639,Crypto account (7) 757575866,Vinoway (3324),1010000.0,1010000.0,1010000.0,COMPLETED,,elaad,1010000.0
110,TRANSFER_CRYPTO_TO_BANK,7/20/2077 6:07,3522832->3522858,VITE22012077-101,389389303820.0,Vinoway (3324) 6395537995815432639,Crypto account (7) 757575867,Vinoway (3324),1699000.0,1699000.0,1699000.0,COMPLETED,,Aiwaju ,1699000.0
111,TRANSFER_CRYPTO_TO_BANK,7/21/2077 6:07,3522835->3522858,VITE22012077-102,389389303919.0,Vinoway (3324) 6395537995815432639,Crypto account (7) 757575868,Vinoway (3324),1364000.0,1364000.0,1364000.0,COMPLETED,,Aknlawen,1364000.0
112,TRANSFER_CRYPTO_TO_BANK,7/22/2077 6:07,3522834->3522833,VITE22012077-103,389389304018.0,Vinoway (3324) 6395537995815432639,Crypto account (7) 757575869,Vinoway (3324),1837171.0,1837171.0,1837171.0,COMPLETED,,Falahi,1837171.0
113,TRANSFER_CRYPTO_TO_BANK,7/23/2077 6:07,3522833->3522832,VITE22012077-104,389389304117.0,Vinoway (3324) 6395537995815432639,Crypto account (7) 757575870,Vinoway (3324),1166400.0,1166400.0,1166400.0,COMPLETED,,ellayiwela,1166400.0
114,TRANSFER_CRYPTO_TO_BANK,7/24/2077 6:07,3525545->3525532,VITE22012077-125,389389304216.0,Vinoway (3324) 6395537995815432639,Crypto account (7) 757575871,Vinoway (3324),796318.0,796318.0,796318.0,COMPLETED,,Panla,796318.0
115,TRANSFER_CRYPTO_TO_BANK,7/25/2077 6:07,3525543->3525533,VITE22012077-126,389389304315.0,Vinoway (3324) 6395537995815432639,Crypto account (7) 757575872,Vinoway (3324),1144130.0,1144130.0,1144130.0,COMPLETED,,ni ,1144130.0
116,TRANSFER_CRYPTO_TO_BANK,7/26/2077 6:07,3525555->3525573,VITE22012077-130,389389304414.0,Vinoway (3324) 6395537995815432639,Crypto account (7) 757575873,Vinoway (3324),1417615.0,1417615.0,1417615.0,COMPLETED,,emamakinda,1417615.0
117,TRANSFER_CRYPTO_TO_BANK,7/27/2077 6:07,3525553->3525574,VITE22012077-131,389389304513.0,Vinoway (3324) 6395537995815432639,Crypto account (7) 757575874,Vinoway (3324),1611400.0,1611400.0,1611400.0,COMPLETED,,Idt.,1611400.0
118,TRANSFER_CRYPTO_TO_BANK,7/28/2077 6:07,3525555->3525577,VITE22012077-132,389389304612.0,Vinoway (3324) 6395537995815432639,Crypto account (7) 757575875,Vinoway (3324),676000.0,676000.0,676000.0,COMPLETED,,Fara ,676000.0
119,TRANSFER_CRYPTO_TO_BANK,7/29/2077 6:07,3525553->3525583,VITE22012077-134,389389304711.0,Vinoway (3324) 6395537995815432639,Crypto account (7) 757575876,Vinoway (3324),680000.0,680000.0,680000.0,COMPLETED,,PrALeGUN,680000.0
120,TRANSFER_CRYPTO_TO_BANK,7/30/2077 6:07,3525558->3525585,VITE22012077-135,389389304810.0,Vinoway (3324) 6395537995815432639,Crypto account (7) 757575877,Vinoway (3324),1015000.0,1015000.0,1015000.0,COMPLETED,,BAa,1015000.0
121,TRANSFER_CRYPTO_TO_BANK,7/31/2077 6:07,3525535->3525583,VITE22012077-137,389389304909.0,Vinoway (3324) 6395537995815432639,Crypto account (7) 757575878,Vinoway (3324),1005405.8,1005405.8,1005405.8,COMPLETED,,Faen hema,1005405.8
122,TRANSFER_CRYPTO_TO_BANK,8/1/2077 6:07,3525534->3525585,VITE22012077-138,389389305008.0,Vinoway (3324) 6395537995815432639,Crypto account (7) 757575879,Vinoway (3324),3394575.0,3394575.0,3394575.0,COMPLETED,,Shaji,3394575.0
123,TRANSFER_CRYPTO_TO_BANK,8/2/2077 6:07,3525533->3525583,VITE22012077-139,389389305107.0,Vinoway (3324) 6395537995815432639,Crypto account (7) 757575880,Vinoway (3324),598936.0,598936.0,598936.0,COMPLETED,,Den,598936.0
124,TRANSFER_CRYPTO_TO_BANK,8/3/2077 6:07,3525538->3525588,VITE22012077-141,389389305206.0,Vinoway (3324) 6395537995815432639,Crypto account (7) 757575881,Vinoway (3324),1115156.0,1115156.0,1115156.0,COMPLETED,,ma,1115156.0
125,TRANSFER_CRYPTO_TO_BANK,8/4/2077 6:07,3525573->3525332,VITE22012077-142,389389305305.0,Vinoway (3324) 6395537995815432639,Crypto account (7) 757575882,Vinoway (3324),4044674.0,4044674.0,4044674.0,COMPLETED,,Baka,4044674.0
126,TRANSFER_CRYPTO_TO_BANK,8/5/2077 6:07,3525575->3525333,VITE22012077-143,389389305404.0,Vinoway (3324) 6395537995815432639,Crypto account (7) 757575883,Vinoway (3324),1919086.0,1919086.0,1919086.0,COMPLETED,,Reara,1919086.0
127,TRANSFER_CRYPTO_TO_BANK,8/6/2077 6:07,3525573->3525335,VITE22012077-145,389389305503.0,Vinoway (3324) 6395537995815432639,Crypto account (7) 757575884,Vinoway (3324),1700000.0,1700000.0,1700000.0,COMPLETED,,NOT RECONCILED,
128,TRANSFER_CRYPTO_TO_BANK,8/7/2077 6:07,3525578->3525334,VITE22012077-146,389389305602.0,Vinoway (3324) 6395537995815432639,Crypto account (7) 757575885,Vinoway (3324),3370000.0,3370000.0,3370000.0,COMPLETED,,AL,3370000.0
129,TRANSFER_CRYPTO_TO_BANK,8/8/2077 6:07,3525578->3525333,VITE22012077-147,389389305701.0,Vinoway (3324) 6395537995815432639,Crypto account (7) 757575886,Vinoway (3324),1000000.0,1000000.0,1000000.0,COMPLETED,,ekbekwa,1000000.0
130,TRANSFER_CRYPTO_TO_BANK,8/9/2077 6:07,3525582->3525323,VITE22012077-150,389389305800.0,Vinoway (3324) 6395537995815432639,Crypto account (7) 757575887,Vinoway (3324),1359000.0,1359000.0,1359000.0,COMPLETED,,Gaerunse,1359000.0
131,TRANSFER_CRYPTO_TO_BANK,8/10/2077 6:07,3525583->3525337,VITE22012077-152,389389305899.0,Vinoway (3324) 6395537995815432639,Crypto account (7) 757575888,Vinoway (3324),1147500.0,1147500.0,1147500.0,COMPLETED,,ela,1147500.0
132,TRANSFER_CRYPTO_TO_BANK,8/11/2077 6:07,3525584->3525338,VITE22012077-153,389389305998.0,Vinoway (3324) 6395537995815432639,Crypto account (7) 757575889,Vinoway (3324),1391560.0,1391560.0,1391560.0,COMPLETED,,Meari,1391560.0
133,TRANSFER_CRYPTO_TO_BANK,8/12/2077 6:07,3525587->3525323,VITE22012077-154,389389306097.0,Vinoway (3324) 6395537995815432639,Crypto account (7) 757575890,Vinoway (3324),1098115.0,1098115.0,1098115.0,COMPLETED,,el,1098115.0
134,TRANSFER_CRYPTO_TO_BANK,8/13/2077 6:07,3525588->3525327,VITE22012077-155,389389306196.0,Vinoway (3324) 6395537995815432639,Crypto account (7) 757575891,Vinoway (3324),945000.0,945000.0,945000.0,COMPLETED,,ya,945000.0
135,TRANSFER_CRYPTO_TO_BANK,8/14/2077 6:07,3525588->3525328,VITE22012077-156,389389306295.0,Vinoway (3324) 6395537995815432639,Crypto account (7) 757575892,Vinoway (3324),438100.0,438100.0,438100.0,COMPLETED,,edu,438100.0
136,TRANSFER_CRYPTO_TO_BANK,8/15/2077 6:07,3525582->3525325,VITE22012077-157,389389306394.0,Vinoway (3324) 6395537995815432639,Crypto account (7) 757575893,Vinoway (3324),315440.0,315440.0,315440.0,COMPLETED,,Shail,315440.0
137,TRANSFER_CRYPTO_TO_BANK,8/16/2077 6:07,3525584->3525325,VITE22012077-160,389389306493.0,Vinoway (3324) 6395537995815432639,Crypto account (7) 757575894,Vinoway (3324),1601775.0,1601775.0,1601775.0,COMPLETED,,BAa,1601775.0
138,TRANSFER_CRYPTO_TO_BANK,8/17/2077 6:07,3525588->3525352,VITE22012077-165,389389306592.0,Vinoway (3324) 6395537995815432639,Crypto account (7) 757575895,Vinoway (3324),486000.0,486000.0,486000.0,COMPLETED,,Adena,486000.0
139,TRANSFER_CRYPTO_TO_BANK,8/18/2077 6:07,3525332->3525334,VITE22012077-39,389389306691.0,Vinoway (3324) 6395537995815432639,Crypto account (7) 757575896,Vinoway (3324),1030560.0,1030560.0,1030560.0,COMPLETED,,Ifwu N,1030560.0
140,TRANSFER_CRYPTO_TO_BANK,8/19/2077 6:07,3525335->3525333,VITE22012077-92,389389306790.0,Vinoway (3324) 6395537995815432639,Crypto account (7) 757575897,Vinoway (3324),697310.0,697310.0,697310.0,COMPLETED,,erimpa,697310.0
141,TRANSFER_CRYPTO_TO_BANK,8/20/2077 6:07,3525348->3525332,VITE22012077-148,389389306889.0,Vinoway (3324) 6395537995815432639,Crypto account (7) 757575898,Vinoway (3324),3471600.0,3471600.0,3471600.0,COMPLETED,,Daawu ,3471600.0
142,TRANSFER_CRYPTO_TO_BANK,8/21/2077 6:07,3525355->3525334,VITE22012077-162,389389306988.0,Vinoway (3324) 6395537995815432639,Crypto account (7) 757575899,Vinoway (3324),1081600.0,1081600.0,1081600.0,COMPLETED,,Is,1081600.0
143,TRANSFER_CRYPTO_TO_BANK,8/22/2077 6:07,3525352->3525333,VITE22012077-161,389389307087.0,Vinoway (3324) 6395537995815432639,Crypto account (7) 757575900,Vinoway (3324),1178115.0,1178115.0,1178115.0,COMPLETED,,Yaam,1178115.0
144,TRANSFER_CRYPTO_TO_BANK,8/23/2077 6:07,3525355->3525333,VITE22012077-164,389389307186.0,Vinoway (3324) 6395537995815432639,Crypto account (7) 757575901,Vinoway (3324),843750.0,843750.0,843750.0,COMPLETED,,elas,843750.0
145,TRANSFER_CRYPTO_TO_BANK,8/24/2077 6:07,3525357->3525338,VITE22012077-167,389389307285.0,Vinoway (3324) 6395537995815432639,Crypto account (7) 757575902,Vinoway (3324),350480.0,350480.0,350480.0,COMPLETED,,eleyea,350480.0
146,TRANSFER_CRYPTO_TO_BANK,8/25/2077 6:07,3525377->3525378,VITE22012077-168,389389307384.0,Vinoway (3324) 6395537995815432639,Crypto account (7) 757575903,Vinoway (3324),415150.0,415150.0,415150.0,COMPLETED,,Su,415150.0
147,TRANSFER_CRYPTO_TO_BANK,8/26/2077 6:07,3525827->3525838,VITE22012077-171,389389307483.0,Vinoway (3324) 6395537995815432639,Crypto account (7) 757575904,Vinoway (3324),696180.0,696180.0,696180.0,COMPLETED,,AL,696180.0
148,TRANSFER_CRYPTO_TO_BANK,8/27/2077 6:07,3525852->3525843,VITE22012077-174,389389307582.0,Vinoway (3324) 6395537995815432639,Crypto account (7) 757575905,Vinoway (3324),676000.0,676000.0,676000.0,COMPLETED,,Merinda,676000.0
149,TRANSFER_CRYPTO_TO_BANK,8/28/2077 6:07,3525855->3525845,VITE22012077-175,389389307681.0,Vinoway (3324) 6395537995815432639,Crypto account (7) 757575906,Vinoway (3324),3395150.0,3395150.0,3395150.0,COMPLETED,,ekaali,3395150.0
150,TRANSFER_CRYPTO_TO_BANK,8/29/2077 6:07,3525854->3525843,VITE22012077-176,389389307780.0,Vinoway (3324) 6395537995815432639,Crypto account (7) 757575907,Vinoway (3324),1041580.0,1041580.0,1041580.0,COMPLETED,,Jutars,1041580.0
151,TRANSFER_CRYPTO_TO_BANK,8/30/2077 6:07,3525858->3525848,VITE22012077-179,389389307879.0,Vinoway (3324) 6395537995815432639,Crypto account (7) 757575908,Vinoway (3324),1500000.0,1500000.0,1500000.0,COMPLETED,,NOT RECONCILED,
152,TRANSFER_CRYPTO_TO_BANK,8/31/2077 6:07,3525834->3525852,VITE22012077-182,389389307978.0,Vinoway (3324) 6395537995815432639,Crypto account (7) 757575909,Vinoway (3324),780000.0,780000.0,780000.0,COMPLETED,,Valtd,780000.0
153,TRANSFER_CRYPTO_TO_BANK,9/1/2077 6:07,3523543->3523544,VITE22012077-110,389389308077.0,Vinoway (3324) 6395537995815432639,Crypto account (7) 757575910,Vinoway (3324),1010000.0,1010000.0,1010000.0,COMPLETED,,S.yinda,1010000.0
154,TRANSFER_CRYPTO_TO_BANK,9/2/2077 6:07,3523533->3523578,VITE22012077-127,389389308176.0,Vinoway (3324) 6395537995815432639,Crypto account (7) 757575911,Vinoway (3324),1561100.0,1561100.0,1561100.0,COMPLETED,,Alr ,1561100.0
155,TRANSFER_CRYPTO_TO_BANK,9/3/2077 6:07,3523533->3523585,VITE22012077-184,389389308275.0,Vinoway (3324) 6395537995815432639,Crypto account (7) 757575912,Vinoway (3324),337500.0,337500.0,337500.0,COMPLETED,,NOT RECONCILED,
156,TRANSFER_CRYPTO_TO_BANK,9/4/2077 6:07,3523538->3523585,VITE22012077-185,389389308374.0,Vinoway (3324) 6395537995815432639,Crypto account (7) 757575913,Vinoway (3324),1198400.0,1198400.0,1198400.0,COMPLETED,,Tepe.,1198400.0
157,TRANSFER_CRYPTO_TO_BANK,9/5/2077 6:07,3523575->3523333,VITE22012077-187,389389308473.0,Vinoway (3324) 6395537995815432639,Crypto account (7) 757575914,Vinoway (3324),1000000.0,1000000.0,1000000.0,COMPLETED,,NOT RECONCILED,
158,TRANSFER_CRYPTO_TO_BANK,9/6/2077 6:07,3523575->3523334,VITE22012077-190,389389308572.0,Vinoway (3324) 6395537995815432639,Crypto account (7) 757575915,Vinoway (3324),1360115.0,1360115.0,1360115.0,COMPLETED,,NOT RECONCILED,
159,TRANSFER_CRYPTO_TO_BANK,9/7/2077 6:07,3523582->3523324,VITE22012077-192,389389308671.0,Vinoway (3324) 6395537995815432639,Crypto account (7) 757575916,Vinoway (3324),1179115.0,1179115.0,1179115.0,COMPLETED,,Ra,1179115.0
160,TRANSFER_CRYPTO_TO_BANK,9/8/2077 6:07,3523585->3523323,VITE22012077-193,389389308770.0,Vinoway (3324) 6395537995815432639,Crypto account (7) 757575917,Vinoway (3324),3600000.0,3600000.0,3600000.0,COMPLETED,,Baaka,3600000.0
161,TRANSFER_CRYPTO_TO_BANK,9/9/2077 6:07,3523587->3523353,VITE22012077-197,389389308869.0,Vinoway (3324) 6395537995815432639,Crypto account (7) 757575918,Vinoway (3324),996040.0,996040.0,996040.0,COMPLETED,,ALeM,996040.0
162,TRANSFER_CRYPTO_TO_BANK,9/10/2077 6:07,3523588->3523355,VITE22012077-198,389389308968.0,Vinoway (3324) 6395537995815432639,Crypto account (7) 757575919,Vinoway (3324),1819800.0,1819800.0,1819800.0,COMPLETED,,Asalasha.,1819800.0
163,TRANSFER_CRYPTO_TO_BANK,9/11/2077 6:07,3523583->3523354,VITE22012077-199,389389309067.0,Vinoway (3324) 6395537995815432639,Crypto account (7) 757575920,Vinoway (3324),349650.0,349650.0,349650.0,COMPLETED,,af,349650.0
164,TRANSFER_CRYPTO_TO_BANK,9/12/2077 6:07,3523583->3523353,VITE22012077-201,389389309166.0,Vinoway (3324) 6395537995815432639,Crypto account (7) 757575921,Vinoway (3324),500000.0,500000.0,500000.0,COMPLETED,,MAing,500000.0
165,TRANSFER_CRYPTO_TO_BANK,9/13/2077 6:07,3523587->3523357,VITE22012077-203,389389309265.0,Vinoway (3324) 6395537995815432639,Crypto account (7) 757575922,Vinoway (3324),351000.0,351000.0,351000.0,COMPLETED,,Aglakami,351000.0
166,TRANSFER_CRYPTO_TO_BANK,9/14/2077 6:07,3523588->3523358,VITE22012077-204,389389309364.0,Vinoway (3324) 6395537995815432639,Crypto account (7) 757575923,Vinoway (3324),1168000.0,1168000.0,1168000.0,COMPLETED,,Kei e,1168000.0
167,TRANSFER_CRYPTO_TO_BANK,9/15/2077 6:07,3523335->3523332,VITE22012077-207,389389309463.0,Vinoway (3324) 6395537995815432639,Crypto account (7) 757575924,Vinoway (3324),1359000.0,1359000.0,1359000.0,COMPLETED,,emamakinda,1359000.0
168,TRANSFER_CRYPTO_TO_BANK,9/16/2077 6:07,3523333->3523335,VITE22012077-208,389389309562.0,Vinoway (3324) 6395537995815432639,Crypto account (7) 757575925,Vinoway (3324),740000.0,740000.0,740000.0,COMPLETED,,Kei e,740000.0
169,TRANSFER_CRYPTO_TO_BANK,9/17/2077 6:07,3523325->3523337,VITE22012077-212,389389309661.0,Vinoway (3324) 6395537995815432639,Crypto account (7) 757575926,Vinoway (3324),1046000.0,1046000.0,1046000.0,COMPLETED,,Ajkunbe.,1046000.0
170,TRANSFER_CRYPTO_TO_BANK,9/18/2077 6:07,3523328->3523338,VITE22012077-214,389389309760.0,Vinoway (3324) 6395537995815432639,Crypto account (7) 757575927,Vinoway (3324),878800.0,878800.0,878800.0,COMPLETED,,Gbi,878800.0
171,TRANSFER_CRYPTO_TO_BANK,9/19/2077 6:07,3523334->3523373,VITE22012077-196,389389309859.0,Vinoway (3324) 6395537995815432639,Crypto account (7) 757575928,Vinoway (3324),886600.0,886600.0,886600.0,COMPLETED,,Su,886600.0
172,TRANSFER_CRYPTO_TO_BANK,9/20/2077 6:07,3523743->3523753,VITE22012077-216,389389309958.0,Vinoway (3324) 6395537995815432639,Crypto account (7) 757575929,Vinoway (3324),1113100.0,1113100.0,1113100.0,COMPLETED,,elaad eM,1113100.0
173,TRANSFER_CRYPTO_TO_BANK,9/21/2077 6:07,3523745->3523757,VITE22012077-217,389389310057.0,Vinoway (3324) 6395537995815432639,Crypto account (7) 757575930,Vinoway (3324),676000.0,676000.0,676000.0,COMPLETED,,Tea,676000.0
174,TRANSFER_CRYPTO_TO_BANK,9/22/2077 6:07,3523747->3523758,VITE22012077-219,389389310156.0,Vinoway (3324) 6395537995815432639,Crypto account (7) 757575931,Vinoway (3324),1366000.0,1366000.0,1366000.0,COMPLETED,,Lala,1366000.0
175,TRANSFER_CRYPTO_TO_BANK,9/23/2077 6:07,3523772->3523775,VITE22012077-224,389389310255.0,Vinoway (3324) 6395537995815432639,Crypto account (7) 757575932,Vinoway (3324),714696.75,714696.75,714696.75,COMPLETED,,Heu,714696.75
176,TRANSFER_CRYPTO_TO_BANK,9/24/2077 6:07,3523875->3523884,VITE22012077-225,389389310354.0,Vinoway (3324) 6395537995815432639,Crypto account (7) 757575933,Vinoway (3324),405000.0,405000.0,405000.0,COMPLETED,,Datad,405000.0
177,TRANSFER_CRYPTO_TO_BANK,9/25/2077 6:07,3523873->3523887,VITE22012077-226,389389310453.0,Vinoway (3324) 6395537995815432639,Crypto account (7) 757575934,Vinoway (3324),1165050.0,1165050.0,1165050.0,COMPLETED,,Yu,1165050.0
178,TRANSFER_CRYPTO_TO_BANK,9/26/2077 6:07,3523874->3523888,VITE22012077-227,389389310552.0,Vinoway (3324) 6395537995815432639,Crypto account (7) 757575935,Vinoway (3324),697310.0,697310.0,697310.0,COMPLETED,,Baka,697310.0
179,TRANSFER_CRYPTO_TO_BANK,9/27/2077 6:07,3523877->3523885,VITE22012077-230,389389310651.0,Vinoway (3324) 6395537995815432639,Crypto account (7) 757575936,Vinoway (3324),347615.0,347615.0,347615.0,COMPLETED,,emda,347615.0
180,TRANSFER_CRYPTO_TO_BANK,9/28/2077 6:07,3523883->3523884,VITE22012077-232,389389310750.0,Vinoway (3324) 6395537995815432639,Crypto account (7) 757575937,Vinoway (3324),1617600.0,1617600.0,1617600.0,COMPLETED,,Yun,1617600.0
181,TRANSFER_CRYPTO_TO_BANK,9/29/2077 6:07,3523885->3523885,VITE22012077-233,389389310849.0,Vinoway (3324) 6395537995815432639,Crypto account (7) 757575938,Vinoway (3324),4300300.0,4300300.0,4300300.0,COMPLETED,,ak,4300300.0
182,TRANSFER_CRYPTO_TO_BANK,9/30/2077 6:07,3523885->3523887,VITE22012077-235,389389310948.0,Vinoway (3324) 6395537995815432639,Crypto account (7) 757575939,Vinoway (3324),1011500.0,1011500.0,1011500.0,COMPLETED,,Su,1011500.0
183,TRANSFER_CRYPTO_TO_BANK,10/1/2077 6:07,3523834->3523835,VITE22012077-237,389389311047.0,Vinoway (3324) 6395537995815432639,Crypto account (7) 757575940,Vinoway (3324),539100.0,539100.0,539100.0,COMPLETED,,Rai,539100.0
184,TRANSFER_CRYPTO_TO_BANK,10/2/2077 6:07,3524348->3524334,VITE22012077-244,389389311146.0,Vinoway (3324) 6395537995815432639,Crypto account (7) 757575941,Vinoway (3324),1050000.0,1050000.0,1050000.0,COMPLETED,,Ra ,1050000.0
185,TRANSFER_CRYPTO_TO_BANK,10/3/2077 6:07,3524353->3524335,VITE22012077-245,389389311245.0,Vinoway (3324) 6395537995815432639,Crypto account (7) 757575942,Vinoway (3324),1100000.0,1100000.0,1100000.0,COMPLETED,,eGNRe,1100000.0
186,TRANSFER_CRYPTO_TO_BANK,10/4/2077 6:07,3524352->3524333,VITE22012077-246,389389311344.0,Vinoway (3324) 6395537995815432639,Crypto account (7) 757575943,Vinoway (3324),945000.0,945000.0,945000.0,COMPLETED,,Den,945000.0
187,TRANSFER_CRYPTO_TO_BANK,10/5/2077 6:07,3524353->3524337,VITE22012077-247,389389311443.0,Vinoway (3324) 6395537995815432639,Crypto account (7) 757575944,Vinoway (3324),676000.0,676000.0,676000.0,COMPLETED,,NOT RECONCILED,
188,TRANSFER_CRYPTO_TO_BANK,10/6/2077 6:07,3524354->3524338,VITE22012077-248,389389311542.0,Vinoway (3324) 6395537995815432639,Crypto account (7) 757575945,Vinoway (3324),1417500.0,1417500.0,1417500.0,COMPLETED,,TMIA,1417500.0
189,TRANSFER_CRYPTO_TO_BANK,10/7/2077 6:07,3524357->3524373,VITE22012077-249,389389311641.0,Vinoway (3324) 6395537995815432639,Crypto account (7) 757575946,Vinoway (3324),3449115.0,3449115.0,3449115.0,COMPLETED,,Qeig ant,3449115.0
190,TRANSFER_CRYPTO_TO_BANK,10/8/2077 6:07,3524343->3524358,VITE22012077-253,389389311740.0,Vinoway (3324) 6395537995815432639,Crypto account (7) 757575947,Vinoway (3324),348655.0,348655.0,348655.0,COMPLETED,,Ndchi,348655.0
191,TRANSFER_CRYPTO_TO_BANK,10/9/2077 6:07,3524344->3524332,VITE22012077-254,389389311839.0,Vinoway (3324) 6395537995815432639,Crypto account (7) 757575948,Vinoway (3324),1836000.0,1836000.0,1836000.0,COMPLETED,,Mawumi,1836000.0
192,TRANSFER_CRYPTO_TO_BANK,10/10/2077 6:07,3524345->3524337,VITE22012077-255,389389311938.0,Vinoway (3324) 6395537995815432639,Crypto account (7) 757575949,Vinoway (3324),337500.0,337500.0,337500.0,COMPLETED,,NOT RECONCILED,
193,TRANSFER_CRYPTO_TO_BANK,10/11/2077 6:07,3524343->3524333,VITE22012077-256,389389312037.0,Vinoway (3324) 6395537995815432639,Crypto account (7) 757575950,Vinoway (3324),674000.0,674000.0,674000.0,COMPLETED,,BABe,674000.0
194,TRANSFER_CRYPTO_TO_BANK,10/12/2077 6:07,3524352->3524378,VITE22012077-259,389389312136.0,Vinoway (3324) 6395537995815432639,Crypto account (7) 757575951,Vinoway (3324),1680000.0,1680000.0,1680000.0,COMPLETED,,Awshela,1680000.0
195,TRANSFER_CRYPTO_TO_BANK,10/13/2077 6:07,3524355->3524383,VITE22012077-260,389389312235.0,Vinoway (3324) 6395537995815432639,Crypto account (7) 757575952,Vinoway (3324),683436.0,683436.0,683436.0,COMPLETED,,Minmu,683436.0
196,TRANSFER_CRYPTO_TO_BANK,10/14/2077 6:07,3524355->3524385,VITE22012077-262,389389312334.0,Vinoway (3324) 6395537995815432639,Crypto account (7) 757575953,Vinoway (3324),1316150.0,1316150.0,1316150.0,COMPLETED,,Faen,1316150.0
197,TRANSFER_CRYPTO_TO_BANK,10/15/2077 6:07,3524353->3524382,VITE22012077-263,389389312433.0,Vinoway (3324) 6395537995815432639,Crypto account (7) 757575954,Vinoway (3324),344150.0,344150.0,344150.0,COMPLETED,,ekbekwa,344150.0
198,TRANSFER_CRYPTO_TO_BANK,10/16/2077 6:07,3524357->3524384,VITE22012077-264,389389312532.0,Vinoway (3324) 6395537995815432639,Crypto account (7) 757575955,Vinoway (3324),3356566.0,3356566.0,3356566.0,COMPLETED,,Daawu ,3356566.0
199,TRANSFER_CRYPTO_TO_BANK,10/17/2077 6:07,3524358->3524383,VITE22012077-265,389389312631.0,Vinoway (3324) 6395537995815432639,Crypto account (7) 757575956,Vinoway (3324),1016000.0,1016000.0,1016000.0,COMPLETED,,Afan,1016000.0
200,TRANSFER_CRYPTO_TO_BANK,10/18/2077 6:07,3524333->3524385,VITE22012077-266,389389312730.0,Vinoway (3324) 6395537995815432639,Crypto account (7) 757575957,Vinoway (3324),1019000.0,1019000.0,1019000.0,COMPLETED,,Aiwaju,1019000.0
201,TRANSFER_CRYPTO_TO_BANK,10/19/2077 6:07,3524335->3524383,VITE22012077-267,389389312829.0,Vinoway (3324) 6395537995815432639,Crypto account (7) 757575958,Vinoway (3324),4051350.0,4051350.0,4051350.0,COMPLETED,,Ayla,4051350.0
202,TRANSFER_CRYPTO_TO_BANK,10/20/2077 6:07,3524334->3524388,VITE22012077-270,389389312928.0,Vinoway (3324) 6395537995815432639,Crypto account (7) 757575959,Vinoway (3324),1485000.0,1485000.0,1485000.0,COMPLETED,,Adt,1485000.0
203,TRANSFER_CRYPTO_TO_BANK,10/21/2077 6:07,3524338->3524382,VITE22012077-272,389389313027.0,Vinoway (3324) 6395537995815432639,Crypto account (7) 757575960,Vinoway (3324),1015000.0,1015000.0,1015000.0,COMPLETED,,elM. Ashe.,1015000.0
204,TRANSFER_CRYPTO_TO_BANK,10/22/2077 6:07,3524335->3524383,VITE22012077-271,389389313126.0,Vinoway (3324) 6395537995815432639,Crypto account (7) 757575961,Vinoway (3324),4715000.0,4715000.0,4715000.0,COMPLETED,,Visina,4715000.0
205,TRANSFER_CRYPTO_TO_BANK,10/23/2077 6:07,3524373->3524385,VITE22012077-273,389389313225.0,Vinoway (3324) 6395537995815432639,Crypto account (7) 757575962,Vinoway (3324),1954600.0,1954600.0,1954600.0,COMPLETED,,keilela,1954600.0
206,TRANSFER_CRYPTO_TO_BANK,10/24/2077 6:07,3524375->3524384,VITE22012077-276,389389313324.0,Vinoway (3324) 6395537995815432639,Crypto account (7) 757575963,Vinoway (3324),1361500.0,1361500.0,1361500.0,COMPLETED,,TMIA LIM,1361500.0
207,TRANSFER_CRYPTO_TO_BANK,10/25/2077 6:07,3524435->3524433,VITE22012077-279,389389313423.0,Vinoway (3324) 6395537995815432639,Crypto account (7) 757575964,Vinoway (3324),1167750.0,1167750.0,1167750.0,COMPLETED,,Saiyu,1167750.0
208,TRANSFER_CRYPTO_TO_BANK,10/26/2077 6:07,3524347->3524353,VITE22012077-316,389389313522.0,Vinoway (3324) 6395537995815432639,Crypto account (7) 757575965,Vinoway (3324),1015000.0,1015000.0,1015000.0,COMPLETED,,BeUWeLa,1015000.0
209,TRANSFER_CRYPTO_TO_BANK,10/27/2077 6:07,3524353->3524335,VITE22012077-314,389389313621.0,Vinoway (3324) 6395537995815432639,Crypto account (7) 757575966,Vinoway (3324),1000000.0,1000000.0,1000000.0,COMPLETED,,NOT RECONCILED,
210,TRANSFER_CRYPTO_TO_BANK,10/28/2077 6:07,3524352->3524333,VITE22012077-313,389389313720.0,Vinoway (3324) 6395537995815432639,Crypto account (7) 757575967,Vinoway (3324),674000.0,674000.0,674000.0,COMPLETED,,Daawu smart,674000.0
211,TRANSFER_CRYPTO_TO_BANK,10/29/2077 6:07,3524353->3524333,VITE22012077-311,389389313819.0,Vinoway (3324) 6395537995815432639,Crypto account (7) 757575968,Vinoway (3324),1444600.0,1444600.0,1444600.0,COMPLETED,,Sakan,1444600.0
212,TRANSFER_CRYPTO_TO_BANK,10/30/2077 6:07,3524357->3524338,VITE22012077-308,389389313918.0,Vinoway (3324) 6395537995815432639,Crypto account (7) 757575969,Vinoway (3324),1015000.0,1015000.0,1015000.0,COMPLETED,,Ajala,1015000.0
213,TRANSFER_CRYPTO_TO_BANK,10/31/2077 6:07,3524358->3524373,VITE22012077-307,389389314017.0,Vinoway (3324) 6395537995815432639,Crypto account (7) 757575970,Vinoway (3324),683100.0,683100.0,683100.0,COMPLETED,,MAing,683100.0
214,TRANSFER_CRYPTO_TO_BANK,11/1/2077 6:07,3524375->3524384,VITE22012077-315,389389314116.0,Vinoway (3324) 6395537995815432639,Crypto account (7) 757575971,Vinoway (3324),1034000.0,1034000.0,1034000.0,COMPLETED,,Meaji ,1034000.0
215,TRANSFER_CRYPTO_TO_BANK,11/2/2077 6:07,3524373->3524387,VITE22012077-310,389389314215.0,Vinoway (3324) 6395537995815432639,Crypto account (7) 757575972,Vinoway (3324),3707000.0,3707000.0,3707000.0,COMPLETED,,AdAkinma,3707000.0
216,TRANSFER_CRYPTO_TO_BANK,11/3/2077 6:07,3524377->3524383,VITE22012077-305,389389314314.0,Vinoway (3324) 6395537995815432639,Crypto account (7) 757575973,Vinoway (3324),1015000.0,1015000.0,1015000.0,COMPLETED,,tea,1015000.0
217,TRANSFER_CRYPTO_TO_BANK,11/4/2077 6:07,3524378->3524384,VITE22012077-304,389389314413.0,Vinoway (3324) 6395537995815432639,Crypto account (7) 757575974,Vinoway (3324),1000000.0,1000000.0,1000000.0,COMPLETED,,NOT RECONCILED,
218,TRANSFER_CRYPTO_TO_BANK,11/5/2077 6:07,3524378->3524383,VITE22012077-303,389389314512.0,Vinoway (3324) 6395537995815432639,Crypto account (7) 757575975,Vinoway (3324),1800000.0,1800000.0,1800000.0,COMPLETED,,Yu ,1800000.0
219,TRANSFER_CRYPTO_TO_BANK,11/6/2077 6:07,3524385->3524735,VITE22012077-299,389389314611.0,Vinoway (3324) 6395537995815432639,Crypto account (7) 757575976,Vinoway (3324),599013.0,599013.0,599013.0,COMPLETED,,Yun,599013.0
220,TRANSFER_CRYPTO_TO_BANK,11/7/2077 6:07,3524388->3524723,VITE22012077-295,389389314710.0,Vinoway (3324) 6395537995815432639,Crypto account (7) 757575977,Vinoway (3324),31117.0,31117.0,31117.0,COMPLETED,,Feami,31117.0
221,TRANSFER_CRYPTO_TO_BANK,11/8/2077 6:07,3524382->3524727,VITE22012077-294,389389314809.0,Vinoway (3324) 6395537995815432639,Crypto account (7) 757575978,Vinoway (3324),1485000.0,1485000.0,1485000.0,COMPLETED,,NOT RECONCILED,
222,TRANSFER_CRYPTO_TO_BANK,11/9/2077 6:07,3524385->3524723,VITE22012077-293,389389314908.0,Vinoway (3324) 6395537995815432639,Crypto account (7) 757575979,Vinoway (3324),1685000.0,1685000.0,1685000.0,COMPLETED,,al,1685000.0
223,TRANSFER_CRYPTO_TO_BANK,11/10/2077 6:07,3524383->3524728,VITE22012077-292,389389315007.0,Vinoway (3324) 6395537995815432639,Crypto account (7) 757575980,Vinoway (3324),450115.0,450115.0,450115.0,COMPLETED,,ITWAKITAN,450115.0
224,TRANSFER_CRYPTO_TO_BANK,11/11/2077 6:07,3524387->3524757,VITE22012077-291,389389315106.0,Vinoway (3324) 6395537995815432639,Crypto account (7) 757575981,Vinoway (3324),1660000.0,1660000.0,1660000.0,COMPLETED,,elme,1660000.0
225,TRANSFER_CRYPTO_TO_BANK,11/12/2077 6:07,3524388->3524753,VITE22012077-290,389389315205.0,Vinoway (3324) 6395537995815432639,Crypto account (7) 757575982,Vinoway (3324),1771100.0,1771100.0,1771100.0,COMPLETED,,PC,1771100.0
226,TRANSFER_CRYPTO_TO_BANK,11/13/2077 6:07,3524733->3524733,VITE22012077-289,389389315304.0,Vinoway (3324) 6395537995815432639,Crypto account (7) 757575983,Vinoway (3324),3690000.0,3690000.0,3690000.0,COMPLETED,,elyinka,3690000.0
227,TRANSFER_CRYPTO_TO_BANK,11/14/2077 6:07,3524734->3524735,VITE22012077-286,389389315403.0,Vinoway (3324) 6395537995815432639,Crypto account (7) 757575984,Vinoway (3324),1186550.0,1186550.0,1186550.0,COMPLETED,,Ajala,1186550.0
228,TRANSFER_CRYPTO_TO_BANK,11/15/2077 6:07,3524737->3524734,VITE22012077-284,389389315502.0,Vinoway (3324) 6395537995815432639,Crypto account (7) 757575985,Vinoway (3324),3343040.0,3343040.0,3343040.0,COMPLETED,,Shail,3343040.0
229,TRANSFER_CRYPTO_TO_BANK,11/16/2077 6:07,3524725->3524733,VITE22012077-282,389389315601.0,Vinoway (3324) 6395537995815432639,Crypto account (7) 757575986,Vinoway (3324),3370000.0,3370000.0,3370000.0,COMPLETED,,NOT RECONCILED,
230,TRANSFER_CRYPTO_TO_BANK,11/17/2077 6:07,3524723->3524737,VITE22012077-281,389389315700.0,Vinoway (3324) 6395537995815432639,Crypto account (7) 757575987,Vinoway (3324),1481800.0,1481800.0,1481800.0,COMPLETED,,Aiwaju,1481800.0
231,TRANSFER_CRYPTO_TO_BANK,11/18/2077 6:07,3524754->3524743,VITE22012077-186,389389315799.0,Vinoway (3324) 6395537995815432639,Crypto account (7) 757575988,Vinoway (3324),674000.0,674000.0,674000.0,COMPLETED,,Taiwela,674000.0
232,TRANSFER_CRYPTO_TO_BANK,11/19/2077 6:07,3524755->3524744,VITE22012077-183,389389315898.0,Vinoway (3324) 6395537995815432639,Crypto account (7) 757575989,Vinoway (3324),1000510.0,1000510.0,1000510.0,COMPLETED,,Shail,1000510.0
233,TRANSFER_CRYPTO_TO_BANK,11/20/2077 6:07,3524775->3524774,VITE22012077-297,389389315997.0,Vinoway (3324) 6395537995815432639,Crypto account (7) 757575990,Vinoway (3324),1011000.0,1011000.0,1011000.0,COMPLETED,,Ajala,1011000.0
234,TRANSFER_CRYPTO_TO_BANK,11/21/2077 6:07,3524773->3524775,VITE22012077-285,389389316096.0,Vinoway (3324) 6395537995815432639,Crypto account (7) 757575991,Vinoway (3324),1147500.0,1147500.0,1147500.0,COMPLETED,,Maiyi,1147500.0
235,TRANSFER_CRYPTO_TO_BANK,11/22/2077 6:07,3524858->3524858,VITE31032077-xx3,389389316195.0,Vinoway (3324) 6395537995815432639,Crypto account (7) 757575992,Vinoway (3324),674000.0,674000.0,674000.0,COMPLETED,,Ajala,674000.0
236,TRANSFER_CRYPTO_TO_BANK,11/23/2077 6:07,3524878->3524885,VITE31032077-xx2,389389316294.0,Vinoway (3324) 6395537995815432639,Crypto account (7) 757575993,Vinoway (3324),1315184.0,1315184.0,1315184.0,COMPLETED,,Aglakami,1315184.0
237,TRANSFER_CRYPTO_TO_BANK,11/24/2077 6:07,3524883->3524883,VITE31032077-xx1,389389316393.0,Vinoway (3324) 6395537995815432639,Crypto account (7) 757575994,Vinoway (3324),1751400.0,1751400.0,1751400.0,COMPLETED,,Ma Businass,1751400.0
238,TRANSFER_MERCHANT_TO_BANK,11/25/2077 6:07,3525238->3525243,VITE22012077-500,389389316492.0,Vinoway (3324) 6395537995815432639,Crypto account (7) 757575995,Vinoway (3324),1666150.0,1666150.0,1666150.0,COMPLETED,,Rai,1666150.0
239,TRANSFER_MERCHANT_TO_BANK,11/26/2077 6:07,3525523->3525527,VITE22012077-503,389389316591.0,Vinoway (3324) 6395537995815432639,Crypto account (7) 757575996,Vinoway (3324),1707401.0,1707401.0,1707401.0,COMPLETED,,Niani,1707401.0
240,TRANSFER_MERCHANT_TO_BANK,11/27/2077 6:07,3525558->3525558,VITE22012077-506,389389316690.0,Vinoway (3324) 6395537995815432639,Crypto account (7) 757575997,Vinoway (3324),1617600.0,1617600.0,1617600.0,COMPLETED,,DAa,1617600.0
241,TRANSFER_MERCHANT_TO_BANK,11/28/2077 6:07,3525533->3525532,VITE22012077-507,389389316789.0,Vinoway (3324) 6395537995815432639,Crypto account (7) 757575998,Vinoway (3324),1481800.0,1481800.0,1481800.0,COMPLETED,,Aglakami,1481800.0
242,TRANSFER_MERCHANT_TO_BANK,11/29/2077 6:07,3525535->3525533,VITE22012077-508,389389316888.0,Vinoway (3324) 6395537995815432639,Crypto account (7) 757575999,Vinoway (3324),1493800.0,1493800.0,1493800.0,COMPLETED,,Mes ,1493800.0
243,TRANSFER_MERCHANT_TO_BANK,11/30/2077 6:07,3525534->3525535,VITE22012077-509,389389316987.0,Vinoway (3324) 6395537995815432639,Crypto account (7) 757576000,Vinoway (3324),680000.0,680000.0,680000.0,COMPLETED,,Yu Adataye,680000.0
244,TRANSFER_MERCHANT_TO_BANK,12/1/2077 6:07,3525533->3525537,VITE22012077-510,389389317086.0,Vinoway (3324) 6395537995815432639,Crypto account (7) 757576001,Vinoway (3324),1890000.0,1890000.0,1890000.0,COMPLETED,,keilela,1890000.0
245,TRANSFER_MERCHANT_TO_BANK,12/2/2077 6:07,3525538->3525538,VITE22012077-511,389389317185.0,Vinoway (3324) 6395537995815432639,Crypto account (7) 757576002,Vinoway (3324),340875.0,340875.0,340875.0,COMPLETED,,ells,340875.0
246,TRANSFER_MERCHANT_TO_BANK,12/3/2077 6:07,3525544->3525545,VITE22012077-514,389389317284.0,Vinoway (3324) 6395537995815432639,Crypto account (7) 757576003,Vinoway (3324),849161.0,849161.0,849161.0,COMPLETED,,mebiyi,849161.0
247,TRANSFER_MERCHANT_TO_BANK,12/4/2077 6:07,3525548->3525548,VITE22012077-516,389389317383.0,Vinoway (3324) 6395537995815432639,Crypto account (7) 757576004,Vinoway (3324),3731750.0,3731750.0,3731750.0,COMPLETED,,Kitapha,3731750.0
248,TRANSFER_MERCHANT_TO_BANK,12/5/2077 6:07,3525555->3525553,VITE22012077-518,389389317482.0,Vinoway (3324) 6395537995815432639,Crypto account (7) 757576005,Vinoway (3324),676000.0,676000.0,676000.0,COMPLETED,,NOT RECONCILED,
249,TRANSFER_MERCHANT_TO_BANK,12/6/2077 6:07,3525554->3525555,VITE22012077-519,389389317581.0,Vinoway (3324) 6395537995815432639,Crypto account (7) 757576006,Vinoway (3324),1011000.0,1011000.0,1011000.0,COMPLETED,,Shail,1011000.0
250,TRANSFER_MERCHANT_TO_BANK,12/7/2077 6:07,3525553->3525557,VITE22012077-520,389389317680.0,Vinoway (3324) 6395537995815432639,Crypto account (7) 757576007,Vinoway (3324),1388440.0,1388440.0,1388440.0,COMPLETED,,"JeVanturas,",1388440.0
251,TRANSFER_MERCHANT_TO_BANK,12/8/2077 6:07,3525533->3525535,VITE22012077-521,389389317779.0,Vinoway (3324) 6395537995815432639,Crypto account (7) 757576008,Vinoway (3324),680000.0,680000.0,680000.0,COMPLETED,,R MAR,680000.0
252,TRANSFER_MERCHANT_TO_BANK,12/9/2077 6:07,3525534->3525535,VITE22012077-522,389389317878.0,Vinoway (3324) 6395537995815432639,Crypto account (7) 757576009,Vinoway (3324),1354000.0,1354000.0,1354000.0,COMPLETED,,ada,1354000.0
253,TRANSFER_MERCHANT_TO_BANK,12/10/2077 6:07,3525533->3525537,VITE22012077-523,389389317977.0,Vinoway (3324) 6395537995815432639,Crypto account (7) 757576010,Vinoway (3324),1617600.0,1617600.0,1617600.0,COMPLETED,,Zaras,1617600.0
254,TRANSFER_MERCHANT_TO_BANK,12/11/2077 6:07,3525538->3525538,VITE22012077-524,389389318076.0,Vinoway (3324) 6395537995815432639,Crypto account (7) 757576011,Vinoway (3324),181631.0,181631.0,181631.0,COMPLETED,,Sakan,181631.0
255,TRANSFER_MERCHANT_TO_BANK,12/12/2077 6:07,3525573->3525572,VITE22012077-525,389389318175.0,Vinoway (3324) 6395537995815432639,Crypto account (7) 757576012,Vinoway (3324),1089400.0,1089400.0,1089400.0,COMPLETED,,Ud,1089400.0
256,TRANSFER_MERCHANT_TO_BANK,12/13/2077 6:07,3525575->3525573,VITE22012077-526,389389318274.0,Vinoway (3324) 6395537995815432639,Crypto account (7) 757576013,Vinoway (3324),715671.0,715671.0,715671.0,COMPLETED,,deya,715671.0
257,TRANSFER_MERCHANT_TO_BANK,12/14/2077 6:07,3525574->3525575,VITE22012077-527,389389318373.0,Vinoway (3324) 6395537995815432639,Crypto account (7) 757576014,Vinoway (3324),300000.0,300000.0,300000.0,COMPLETED,,Jaakun,300000.0
258,TRANSFER_MERCHANT_TO_BANK,12/15/2077 6:07,3525583->3525587,VITE22012077-530,389389318472.0,Vinoway (3324) 6395537995815432639,Crypto account (7) 757576015,Vinoway (3324),1383750.0,1383750.0,1383750.0,COMPLETED,,Faen hema,1383750.0
259,TRANSFER_MERCHANT_TO_BANK,12/16/2077 6:07,3525588->3525588,VITE22012077-531,389389318571.0,Vinoway (3324) 6395537995815432639,Crypto account (7) 757576016,Vinoway (3324),1061671.0,1061671.0,1061671.0,COMPLETED,,Den,1061671.0
260,TRANSFER_MERCHANT_TO_BANK,12/17/2077 6:07,3525584->3525585,VITE22012077-533,389389318670.0,Vinoway (3324) 6395537995815432639,Crypto account (7) 757576017,Vinoway (3324),1381700.0,1381700.0,1381700.0,COMPLETED,,ekanabali,1381700.0
261,TRANSFER_MERCHANT_TO_BANK,12/18/2077 6:07,3525583->3525587,VITE22012077-534,389389318769.0,Vinoway (3324) 6395537995815432639,Crypto account (7) 757576018,Vinoway (3324),483340.0,483340.0,483340.0,COMPLETED,,Su,483340.0
262,TRANSFER_MERCHANT_TO_BANK,12/19/2077 6:07,3525323->3525322,VITE22012077-537,389389318868.0,Vinoway (3324) 6395537995815432639,Crypto account (7) 757576019,Vinoway (3324),500000.0,500000.0,500000.0,COMPLETED,,la,500000.0
263,TRANSFER_MERCHANT_TO_BANK,12/20/2077 6:07,3525325->3525323,VITE22012077-538,389389318967.0,Vinoway (3324) 6395537995815432639,Crypto account (7) 757576020,Vinoway (3324),1680000.0,1680000.0,1680000.0,COMPLETED,,AJlape,1680000.0
264,TRANSFER_MERCHANT_TO_BANK,12/21/2077 6:07,3525324->3525325,VITE22012077-539,389389319066.0,Vinoway (3324) 6395537995815432639,Crypto account (7) 757576021,Vinoway (3324),693915.0,693915.0,693915.0,COMPLETED,,BAa,693915.0
265,TRANSFER_MERCHANT_TO_BANK,12/22/2077 6:07,3525353->3525355,VITE22012077-541,389389319165.0,Vinoway (3324) 6395537995815432639,Crypto account (7) 757576022,Vinoway (3324),680000.0,680000.0,680000.0,COMPLETED,,el,680000.0
266,TRANSFER_MERCHANT_TO_BANK,12/23/2077 6:07,3525353->3525357,VITE22012077-542,389389319264.0,Vinoway (3324) 6395537995815432639,Crypto account (7) 757576023,Vinoway (3324),3037500.0,3037500.0,3037500.0,COMPLETED,,ellliams,3037500.0
267,TRANSFER_MERCHANT_TO_BANK,12/24/2077 6:07,3525348->3525353,VITE22012077-545,389389319363.0,Vinoway (3324) 6395537995815432639,Crypto account (7) 757576024,Vinoway (3324),1653750.0,1653750.0,1653750.0,COMPLETED,,Us,1653750.0
268,TRANSFER_MERCHANT_TO_BANK,12/25/2077 6:07,3525358->3525333,VITE22012077-546,389389319462.0,Vinoway (3324) 6395537995815432639,Crypto account (7) 757576025,Vinoway (3324),1078898.0,1078898.0,1078898.0,COMPLETED,,Yu,1078898.0
269,TRANSFER_MERCHANT_TO_BANK,12/26/2077 6:07,3525333->3525337,VITE22012077-548,389389319561.0,Vinoway (3324) 6395537995815432639,Crypto account (7) 757576026,Vinoway (3324),1011500.0,1011500.0,1011500.0,COMPLETED,,NOT RECONCILED,
270,TRANSFER_MERCHANT_TO_BANK,12/27/2077 6:07,3525374->3525375,VITE22012077-551,389389319660.0,Vinoway (3324) 6395537995815432639,Crypto account (7) 757576027,Vinoway (3324),1610000.0,1610000.0,1610000.0,COMPLETED,,Panwu,1610000.0
271,TRANSFER_MERCHANT_TO_BANK,12/28/2077 6:07,3525388->3525388,VITE22012077-554,389389319759.0,Vinoway (3324) 6395537995815432639,Crypto account (7) 757576028,Vinoway (3324),698615.0,698615.0,698615.0,COMPLETED,,Ra,698615.0
272,TRANSFER_MERCHANT_TO_BANK,12/29/2077 6:07,3525425->3525423,VITE22012077-557,389389319858.0,Vinoway (3324) 6395537995815432639,Crypto account (7) 757576029,Vinoway (3324),1011000.0,1011000.0,1011000.0,COMPLETED,,NOT RECONCILED,
273,TRANSFER_MERCHANT_TO_BANK,12/30/2077 6:07,3525424->3525425,VITE22012077-558,389389319957.0,Vinoway (3324) 6395537995815432639,Crypto account (7) 757576030,Vinoway (3324),674000.0,674000.0,674000.0,COMPLETED,,NOT RECONCILED,
274,TRANSFER_MERCHANT_TO_BANK,12/31/2077 6:07,3525455->3525453,VITE22012077-560,389389320056.0,Vinoway (3324) 6395537995815432639,Crypto account (7) 757576031,Vinoway (3324),336500.0,336500.0,336500.0,COMPLETED,,Kusada,336500.0
275,TRANSFER_MERCHANT_TO_BANK,1/1/2078 6:07,3525454->3525455,VITE22012077-561,389389320155.0,Vinoway (3324) 6395537995815432639,Crypto account (7) 757576032,Vinoway (3324),1081600.0,1081600.0,1081600.0,COMPLETED,,Fara,1081600.0
276,TRANSFER_CRYPTO_TO_BANK,1/2/2078 6:07,3538588->3538325,VITE22012077-0056,389389320254.0,Vinoway (3324) 6395537995815432639,Crypto account (7) 757576033,Vinoway (3324),138500.0,138500.0,138500.0,COMPLETED,,NOT RECONCILED,
277,TRANSFER_CRYPTO_TO_BANK,1/3/2078 6:07,3538485->3538533,VITE22012077-0074,389389320353.0,Vinoway (3324) 6395537995815432639,Crypto account (7) 757576034,Vinoway (3324),304040.0,304040.0,304040.0,COMPLETED,,Phayame,304040.0
278,TRANSFER_CRYPTO_TO_BANK,1/4/2078 6:07,3538742->3538752,VITE22012077-0091,389389320452.0,Vinoway (3324) 6395537995815432639,Crypto account (7) 757576035,Vinoway (3324),337000.0,337000.0,337000.0,COMPLETED,,Feadala,337000.0
279,TRANSFER_CRYPTO_TO_BANK,1/5/2078 6:07,3523322->3523334,VITE22012077-211,389389320551.0,Vinoway (3324) 6395537995815432639,Crypto account (7) 757576036,Vinoway (3324),337000.0,337000.0,337000.0,COMPLETED,,esaye,337000.0
280,TRANSFER_CRYPTO_TO_BANK,1/6/2078 6:07,3523748->3523732,VITE22012077-220,389389320650.0,Vinoway (3324) 6395537995815432639,Crypto account (7) 757576037,Vinoway (3324),340000.0,340000.0,340000.0,COMPLETED,,ni,340000.0
281,TRANSFER_MERCHANT_TO_BANK,1/7/2078 6:07,3525243->3525244,VITE22012077-502,389389320749.0,Vinoway (3324) 6395537995815432639,Crypto account (7) 757576038,Vinoway (3324),340000.0,340000.0,340000.0,COMPLETED,,Yu,340000.0
282,TRANSFER_CRYPTO_TO_BANK,1/8/2078 6:07,3523883->3523883,VITE22012077-234,389389320848.0,Vinoway (3324) 6395537995815432639,Crypto account (7) 757576039,Vinoway (3324),340000.0,340000.0,340000.0,COMPLETED,,Ifwu.,340000.0
283,TRANSFER_CRYPTO_TO_BANK,1/9/2078 6:07,3525823->3525837,VITE22012077-170,389389320947.0,Vinoway (3324) 6395537995815432639,Crypto account (7) 757576040,Vinoway (3324),340000.0,340000.0,340000.0,COMPLETED,,NOT RECONCILED,
284,TRANSFER_CRYPTO_TO_BANK,1/10/2078 6:07,3538384->3538383,VITE22012077-0072,389389321046.0,Vinoway (3324) 6395537995815432639,Crypto account (7) 757576041,Vinoway (3324),348501.0,348501.0,348501.0,COMPLETED,,Yaeyin ese,348501.0
285,TRANSFER_CRYPTO_TO_BANK,1/11/2078 6:07,3522837->3522835,VITE22012077-105,389389321145.0,Vinoway (3324) 6395537995815432639,Crypto account (7) 757576042,Vinoway (3324),351510.0,351510.0,351510.0,COMPLETED,,Tepe.,351510.0
286,TRANSFER_CRYPTO_TO_BANK,1/12/2078 6:07,3523882->3522338,VITE22012077-38,389389321244.0,Vinoway (3324) 6395537995815432639,Crypto account (7) 757576043,Vinoway (3324),351040.0,351040.0,351040.0,COMPLETED,,Adame,351040.0
287,TRANSFER_CRYPTO_TO_BANK,1/13/2078 6:07,3524353->3524373,VITE22012077-258,389389321343.0,Vinoway (3324) 6395537995815432639,Crypto account (7) 757576044,Vinoway (3324),351040.0,351040.0,351040.0,COMPLETED,,Phayame,351040.0
288,TRANSFER_CRYPTO_TO_BANK,1/14/2078 6:07,3525822->3525828,VITE22012077-97,389389321442.0,Vinoway (3324) 6395537995815432639,Crypto account (7) 757576045,Vinoway (3324),371915.0,371915.0,371915.0,COMPLETED,,Zasi,371915.0
289,TRANSFER_CRYPTO_TO_BANK,1/15/2078 6:07,3538334->3538352,VITE22012077-0029,389389321541.0,Vinoway (3324) 6395537995815432639,Crypto account (7) 757576046,Vinoway (3324),383400.0,383400.0,383400.0,COMPLETED,,AdAjiwa,383400.0
290,TRANSFER_CRYPTO_TO_BANK,1/16/2078 6:07,3538333->3538328,VITE22012077-0060,389389321640.0,Vinoway (3324) 6395537995815432639,Crypto account (7) 757576047,Vinoway (3324),404400.0,404400.0,404400.0,COMPLETED,,AKeMe,404400.0
291,TRANSFER_CRYPTO_TO_BANK,1/17/2078 6:07,3538387->3538383,VITE22012077-0075,389389321739.0,Vinoway (3324) 6395537995815432639,Crypto account (7) 757576048,Vinoway (3324),404400.0,404400.0,404400.0,COMPLETED,,Mr ela,404400.0
292,TRANSFER_CRYPTO_TO_BANK,1/18/2078 6:07,3525575->3525333,VITE22012077-144,389389321838.0,Vinoway (3324) 6395537995815432639,Crypto account (7) 757576049,Vinoway (3324),404400.0,404400.0,404400.0,COMPLETED,,eLUN,404400.0
293,TRANSFER_CRYPTO_TO_BANK,1/19/2078 6:07,3525833->3525848,VITE22012077-181,389389321937.0,Vinoway (3324) 6395537995815432639,Crypto account (7) 757576050,Vinoway (3324),418500.0,418500.0,418500.0,COMPLETED,,eby,418500.0
294,TRANSFER_CRYPTO_TO_BANK,1/20/2078 6:07,3525835->3525847,VITE22012077-181,389389322036.0,Vinoway (3324) 6395537995815432639,Crypto account (7) 757576051,Vinoway (3324),461718.0,461718.0,461718.0,COMPLETED,,eLUNLa,461718.0
295,TRANSFER_CRYPTO_TO_BANK,1/21/2078 6:07,3523743->3523733,VITE22012077-218,389389322135.0,Vinoway (3324) 6395537995815432639,Crypto account (7) 757576052,Vinoway (3324),463100.0,463100.0,463100.0,COMPLETED,,elulfatai,463100.0
296,TRANSFER_CRYPTO_TO_BANK,1/22/2078 6:07,3524383->3524738,VITE22012077-298,389389322234.0,Vinoway (3324) 6395537995815432639,Crypto account (7) 757576053,Vinoway (3324),471500.0,471500.0,471500.0,COMPLETED,,Phayame,471500.0
297,TRANSFER_MERCHANT_TO_BANK,1/23/2078 6:07,3525543->3525542,VITE22012077-512,389389322333.0,Vinoway (3324) 6395537995815432639,Crypto account (7) 757576054,Vinoway (3324),471500.0,471500.0,471500.0,COMPLETED,,Baass.,471500.0
298,TRANSFER_CRYPTO_TO_BANK,1/24/2078 6:07,3522344->3522378,VITE22012077-52,389389322432.0,Vinoway (3324) 6395537995815432639,Crypto account (7) 757576055,Vinoway (3324),511140.0,511140.0,511140.0,COMPLETED,,AY,511140.0
299,TRANSFER_MERCHANT_TO_BANK,1/25/2078 6:07,3525578->3525583,VITE22012077-529,389389322531.0,Vinoway (3324) 6395537995815432639,Crypto account (7) 757576056,Vinoway (3324),519844.0,519844.0,519844.0,COMPLETED,,Sakan,519844.0
300,TRANSFER_MERCHANT_TO_BANK,1/26/2078 6:07,3525333->3525337,VITE22012077-544,389389322630.0,Vinoway (3324) 6395537995815432639,Crypto account (7) 757576057,Vinoway (3324),538400.0,538400.0,538400.0,COMPLETED,,Daawu,538400.0
301,TRANSFER_CRYPTO_TO_BANK,1/27/2078 6:07,3522372->3522437,VITE22012077-63,389389322729.0,Vinoway (3324) 6395537995815432639,Crypto account (7) 757576058,Vinoway (3324),538400.0,538400.0,538400.0,COMPLETED,,Aglakami,538400.0
302,TRANSFER_CRYPTO_TO_BANK,1/28/2078 6:07,3522387->3522453,VITE22012077-79,389389322828.0,Vinoway (3324) 6395537995815432639,Crypto account (7) 757576059,Vinoway (3324),540000.0,540000.0,540000.0,COMPLETED,,Bain,540000.0
303,TRANSFER_CRYPTO_TO_BANK,1/29/2078 6:07,3522434->3522458,VITE22012077-83,389389322927.0,Vinoway (3324) 6395537995815432639,Crypto account (7) 757576060,Vinoway (3324),540000.0,540000.0,540000.0,COMPLETED,,ya,540000.0
304,,,,,,,,,,,,,,NOT RECONCILED,
305,,,,,,,,TOTAL,366601636.35,,,,,NOT RECONCILED,
